6,723,178,0,855,7,1000,760505847,483.5,7,8,886204,4834,6,0,240.8,3054,1208,237000000,2009,936,7.9,1.78,33000
7,302,169,563,1000,8,40000,309404152,487.0,36,42,471220,48350,5,0,128.8,1238,1208,300000000,2007,5000,7.1,2.35,0
8,813,164,22000,23000,20,27000,448130642,1050.0,6,23,1144337,106759,19,0,106.4,2701,1208,250000000,2012,23000,8.5,2.35,164000
3,462,132,475,530,4,640,73058679,480.0,5,13,212204,1873,2,1,576.8,738,1208,263700000,2012,632,6.6,2.35,24000
11,392,156,0,4000,26,24000,336530303,839.0,31,14,383056,46055,20,0,72.8,1902,1208,258000000,2007,11000,6.2,2.35,0
1,324,100,15,284,2,799,200807262,597.166666667,5,9,294810,2036,6,1,106.4,387,558,260000000,2010,553,7.8,1.85,29000
4,635,141,0,19000,27,26000,458991599,480.0,14,25,462669,92000,19,4,296.8,1117,1208,250000000,2015,21000,7.5,2.35,118000
8,673,183,0,2000,3,15000,330249062,480.0,5,36,371639,24450,1,0,252.0,3018,1208,250000000,2016,4000,6.9,2.35,197000
7,434,169,0,903,9,18000,200069408,480.0,19,18,240396,29991,9,0,67.2,2367,1208,209000000,2006,10000,6.1,2.35,0
7,313,151,563,1000,8,40000,423032628,487.0,36,44,522040,48486,5,2,285.6,1832,1208,225000000,2006,5000,7.3,2.35,5000
7,450,150,563,1000,2,40000,89289910,73.0,36,17,181792,45757,18,1,582.4,711,1208,215000000,2013,2000,6.5,2.35,48000
8,733,143,0,748,6,15000,291021565,483.5,5,14,548573,20495,9,0,106.4,2536,1208,225000000,2013,3000,7.2,2.35,118000
5,258,150,80,201,1,22000,141614023,461.5,13,42,149922,22697,1,4,274.4,438,558,225000000,2008,216,6.6,2.35,0
4,703,173,0,19000,27,26000,623279547,480.0,14,14,995415,87697,19,3,520.8,1722,1208,220000000,2012,21000,8.1,1.85,123000
5,448,136,252,1000,3,40000,241063875,487.0,36,45,370704,54083,3,4,627.2,484,1208,250000000,2011,11000,6.7,2.35,58000
7,451,106,188,718,2,10000,179020854,733.0,19,16,268154,12572,1,1,750.4,341,1208,225000000,2012,816,6.8,1.85,40000
3,599,153,464,963,4,15000,262030663,487.0,14,24,451803,28489,2,0,336.0,1225,1208,230000000,2012,10000,7.0,2.35,56000
14,343,156,0,738,13,891,105219735,980.5,5,12,211765,3244,1,0,67.2,546,1208,200000000,2010,882,6.7,2.35,17000
6,509,186,0,773,2,5000,258355354,487.0,3,37,483540,9152,2,6,145.6,951,1208,225000000,2013,972,7.9,2.35,83000
4,251,113,129,1000,3,16000,70083519,461.5,11,20,149019,24106,6,2,1013.6,666,1208,180000000,2007,6000,6.1,2.35,0
6,315,194,0,794,15,29000,658672302,1345.5,18,9,793059,45223,1,0,968.8,2528,1208,200000000,1997,14000,7.7,2.35,26000
4,516,147,94,11000,19,21000,407197282,480.0,27,28,272670,64798,9,0,274.4,1022,1208,250000000,2016,19000,8.2,2.35,72000
6,377,131,532,627,5,14000,65173160,765.0,20,12,202382,26679,1,0,369.6,751,1208,209000000,2012,10000,5.9,2.35,44000
2,644,124,365,1000,24,3000,652177271,765.0,8,16,418214,8458,2,0,84.0,1290,1208,150000000,2015,2000,7.0,2.0,150000
11,300,135,0,4000,26,24000,373377893,663.0,31,14,411164,43388,20,1,896.0,1303,1208,200000000,2004,11000,7.3,2.35,0
2,608,195,1000,3000,16,21000,408992272,480.0,27,12,557489,30426,11,3,229.6,1187,1208,200000000,2013,4000,7.2,2.35,95000
16,451,108,13000,11000,8,40000,334185206,461.5,36,21,306320,79957,22,0,134.4,736,558,200000000,2010,25000,6.5,1.85,24000
1,376,104,37,760,5,12000,268488329,658.5,34,21,235025,14863,6,0,240.8,265,85,200000000,2013,779,7.3,1.85,44000
13,366,150,0,464,6,894,402076689,480.0,8,37,323207,3218,5,0,84.0,1439,1208,200000000,2009,581,6.0,2.35,0
13,378,165,0,808,2,974,245428137,480.0,1,33,242420,3988,5,2,296.8,918,1208,210000000,2014,956,5.7,2.35,56000
11,525,130,0,11000,13,44000,234903076,461.5,2,27,175409,73441,26,4,341.6,511,558,215000000,2013,15000,6.4,2.35,60000
3,495,142,464,825,4,15000,202853933,483.5,14,26,321227,28631,3,0,268.8,1067,1208,200000000,2014,10000,6.7,2.35,41000
4,469,125,364,1000,13,12000,172051787,480.0,21,14,264183,25550,7,0,420.0,665,558,170000000,2010,10000,6.8,2.35,30000
5,304,106,487,776,4,1000,191450875,574.5,9,8,101178,4482,4,0,509.6,283,85,200000000,2011,919,6.3,2.35,10000
5,436,123,258,326,3,16000,116593191,480.0,13,15,223393,17657,1,2,184.8,550,1208,200000000,2011,368,5.6,2.35,24000
1,453,103,125,721,10,15000,414984497,658.5,27,13,544884,19085,2,3,520.8,733,85,200000000,2010,1000,8.3,1.85,30000
6,422,118,368,988,8,23000,125320003,480.0,20,22,286095,27468,8,0,453.6,974,1208,200000000,2009,3000,6.6,2.35,0
7,424,140,0,14000,17,26000,350034110,861.0,16,11,278232,79150,16,0,649.6,657,1208,190000000,2015,23000,7.2,2.35,94000
7,654,123,395,1000,28,17000,202351611,656.0,4,13,465019,32392,4,0,196.0,995,1208,190000000,2013,11000,7.0,2.35,129000
7,539,149,0,20000,13,34000,233914986,672.333333333,14,28,514125,91434,19,7,263.2,752,1208,200000000,2014,22000,8.0,2.35,82000
4,590,132,14000,928,14,19000,228756232,480.0,6,25,395573,21411,1,0,308.0,1171,1208,190000000,2013,981,7.8,2.35,92000
7,338,114,0,140,6,979,65171860,487.0,10,23,106416,1766,1,1,375.2,205,1208,195000000,2013,557,6.3,2.35,22000
5,306,116,179,236,2,15000,90755643,663.0,19,37,222403,16149,1,2,308.0,453,1208,200000000,2010,567,6.6,2.35,23000
4,575,131,0,919,12,16000,101785482,480.0,5,13,381148,19166,2,0,274.4,1106,1208,190000000,2013,968,7.0,1.85,83000
13,428,154,0,581,1,894,352358779,480.0,8,32,326180,2593,6,2,123.2,899,1208,195000000,2011,829,6.3,2.35,46000
24,470,122,14000,1000,10,11000,317011114,487.0,28,52,333847,14959,8,2,44.8,2054,1208,185000000,2008,1000,6.2,2.35,5000
1,488,93,56,838,10,2000,237282182,658.5,6,7,273556,5005,2,0,246.4,428,558,185000000,2012,1000,7.2,2.35,39000
5,322,122,681,105,1,998,130468626,765.0,1,18,53607,1327,1,4,201.6,432,1208,185000000,2016,119,7.5,2.35,30000
3,421,98,475,522,12,1000,223806889,366.0,10,9,718837,2975,5,0,218.4,1043,85,180000000,2008,729,8.4,2.35,16000
8,162,91,420,173,4,268,140080850,1083.66666667,3,13,121084,1125,1,2,151.2,221,1208,140000000,2007,268,6.2,2.35,0
7,367,158,776,310,3,1000,166112167,480.0,20,6,283418,2144,4,0,425.6,1055,1208,200000000,2009,468,5.8,2.35,13000
13,240,96,0,10000,6,18000,137850096,739.25,12,19,72809,48878,17,0,425.6,249,558,200000000,2009,14000,6.8,2.35,0
5,384,127,0,13000,13,17000,47375327,480.0,20,19,139593,47334,3,1,414.4,720,1208,176000000,2015,15000,5.4,2.35,44000
2,248,110,282,103,5,11000,124051759,1345.5,8,22,42372,21175,2,2,285.6,239,1208,180000000,2016,10000,6.6,2.35,29000
7,396,144,0,1000,7,34000,154985087,480.0,14,19,148379,49684,4,6,246.4,622,1208,178000000,2016,13000,7.3,2.35,54000
8,645,152,22000,11000,10,23000,533316061,1191.33333333,20,17,1676169,57802,39,0,201.6,4667,1208,185000000,2008,13000,9.0,2.35,37000
3,408,96,0,262,13,1000,292979556,715.666666667,10,4,665575,2635,1,1,190.4,704,558,175000000,2009,848,8.3,1.85,27000
4,219,94,11,459,7,1000,198332128,656.75,14,21,114553,2579,2,2,481.6,187,558,175000000,2009,973,6.5,2.35,0
5,486,126,4000,4000,21,21000,318298180,480.0,27,10,696338,39252,16,3,168.0,1055,1208,140000000,2008,12000,7.9,2.35,10000
20,682,126,17000,1000,11,17000,73820094,886.333333333,16,6,245333,36017,10,0,229.6,678,558,170000000,2011,16000,7.5,1.85,42000
7,85,106,188,582,17,10000,113745408,694.0,19,16,129601,15870,6,2,179.2,648,1208,170000000,1999,4000,4.8,1.85,0
11,264,112,357,595,13,5000,102176165,658.333333333,8,39,117927,9131,2,2,212.8,501,1208,145000000,2008,3000,5.2,2.35,0
7,418,123,452,329,2,10000,161087183,1004.5,19,15,118992,11287,4,8,324.8,971,1208,175000000,2016,336,6.9,2.35,80000
7,186,96,293,7000,39,87000,100289690,817.333333333,8,15,115099,108016,20,0,100.8,257,558,175000000,2007,11000,5.4,2.35,2000
7,585,113,218,509,1,10000,100189501,480.0,26,18,431620,12652,3,1,498.4,741,1208,178000000,2014,854,7.9,2.35,77000
4,91,176,58,60,1,711,88246220,765.0,2,12,144337,1004,2,0,302.4,309,1208,175000000,1995,60,6.1,1.85,0
4,250,118,208,570,21,23000,150167630,765.0,19,29,174578,26683,2,4,235.2,534,1208,175000000,2009,2000,5.8,2.35,0
3,536,95,0,384,3,1000,356454367,897.2,14,12,345198,2944,2,1,128.8,773,558,175000000,2015,767,8.3,1.85,118000
5,453,124,4000,4000,19,21000,312057433,480.0,27,12,522371,48638,16,4,442.4,723,1208,200000000,2010,19000,7.0,2.35,18000
1,416,132,274,11000,18,26000,155111815,1169.5,14,29,228554,72881,3,0,285.6,710,1208,170000000,2012,17000,6.1,2.35,53000
1,401,97,171,846,3,11000,241407328,587.333333333,23,12,252257,15516,2,2,274.4,634,558,180000000,2014,2000,7.0,2.35,89000
3,521,130,198,884,24,10000,208543795,1166.0,17,32,317542,14363,2,0,285.6,620,1208,170000000,2014,2000,7.6,1.85,45000
1,218,128,47,982,8,18000,38297305,1169.5,23,10,116994,20965,1,2,319.2,324,1208,175000000,2013,1000,6.3,2.35,35000
4,576,136,94,2000,9,19000,259746958,480.0,19,37,496749,36188,5,1,117.6,742,1208,170000000,2014,11000,7.8,2.35,55000
4,226,93,31,213,1,4000,238371987,658.5,9,21,138661,4628,5,2,67.2,173,558,165000000,2010,225,6.4,2.35,0
5,443,130,663,604,5,2000,93417865,429.0,24,14,128306,5046,1,2,274.4,497,558,190000000,2015,638,6.5,2.2,37000
1,384,102,38,562,2,756,222487711,895.8,4,12,279093,2963,3,0,431.2,433,558,165000000,2014,719,7.9,2.39,41000
1,377,101,66,833,7,975,189412677,656.75,6,16,272534,4451,7,1,184.8,345,558,165000000,2012,931,7.8,2.35,40000
13,188,100,0,267,2,15000,665426,368.333333333,27,19,120798,16264,1,0,756.0,444,85,165000000,2004,726,6.6,2.35,10000
7,286,120,776,535,7,890,102315545,480.0,12,30,58137,3233,4,0,604.8,520,1208,165000000,2016,812,5.5,2.35,67000
3,288,98,255,759,7,18000,217387997,368.333333333,19,26,485430,20453,2,0,464.8,492,558,165000000,2010,953,8.2,2.35,33000
3,280,109,84,191,6,648,150350192,480.0,3,36,305340,1769,1,0,268.8,1676,1571,200000000,2003,284,6.4,2.35,0
2,653,121,571,3000,16,14000,333130696,480.0,20,25,682155,32438,13,3,156.8,1097,1208,170000000,2014,14000,8.1,2.35,96000
8,712,169,22000,6000,22,11000,187991439,1166.0,23,14,928227,31488,2,1,123.2,2725,1208,165000000,2014,11000,8.6,2.35,349000
8,642,148,22000,23000,6,29000,292568851,765.0,18,11,1468200,81115,19,0,313.6,2803,1208,160000000,2010,27000,8.8,2.35,175000
11,187,106,357,4000,16,23000,144512310,861.0,17,26,272223,45327,6,2,151.2,988,1208,38000000,2001,14000,6.7,2.35,14000
10,362,166,21000,919,10,11000,127490802,1059.33333333,28,37,459346,13333,4,2,84.0,822,1208,150000000,2008,1000,7.8,2.35,23000
1,500,132,905,1000,7,34000,146405371,480.0,14,20,518537,50983,20,3,453.6,698,1208,160000000,2011,13000,7.8,2.35,54000
5,389,137,508,14000,20,34000,281666058,480.0,14,39,166137,81385,14,1,128.8,383,1208,160000000,2015,22000,6.6,2.35,38000
7,235,109,226,370,5,12000,63143812,461.5,30,27,124185,13388,1,0,924.0,238,558,150000000,2010,418,6.1,2.35,11000
5,231,98,249,702,7,87000,60655503,1451.0,8,10,82380,92456,5,0,364.0,629,1208,160000000,2006,2000,5.6,2.35,0
3,218,113,33,11000,8,40000,76846624,461.5,36,33,21352,80806,22,1,257.6,131,558,170000000,2016,25000,6.4,1.85,30000
2,227,93,50,692,8,3000,320706665,658.5,10,17,211971,4705,5,2,291.2,326,558,160000000,2007,795,6.1,1.85,0
2,275,123,0,648,7,3000,46978995,487.0,6,10,111609,5505,1,0,78.4,781,1208,160000000,2016,716,7.3,2.35,89000
2,474,126,230,2000,1,24000,89732035,480.0,31,20,188457,38873,2,2,403.2,867,1208,155000000,2015,10000,6.6,2.35,82000
5,228,113,150,59,2,531,104383624,461.5,3,58,106446,764,1,4,364.0,227,558,155000000,2010,82,6.3,1.78,11000
13,191,184,0,691,5,3000,198539855,728.5,14,14,254111,5401,9,0,28.0,1999,1208,140000000,2001,961,6.1,2.35,0
13,396,144,0,581,6,662,318759914,480.0,4,14,513158,2333,6,0,61.6,1782,1208,150000000,2007,599,7.1,2.35,8000
6,318,102,532,979,22,10000,227946274,1852.0,19,9,343648,21584,10,0,464.8,590,1208,150000000,2008,9000,6.4,2.35,0
5,323,104,508,558,5,10000,256386216,923.333333333,19,13,530870,13076,2,0,604.8,1413,1208,150000000,2007,1000,7.2,2.35,11000
16,276,115,13000,588,11,40000,206456431,817.333333333,36,35,320284,57844,2,3,56.0,1361,558,150000000,2005,16000,6.7,1.85,0
5,318,111,663,954,10,1000,206435493,658.5,9,13,473887,4764,9,0,252.0,626,85,150000000,2007,1000,8.0,2.35,10000
5,167,89,35,436,17,1000,179982968,715.666666667,14,29,146019,3285,10,0,705.6,119,558,150000000,2008,851,6.7,1.85,0
12,185,105,189,1000,5,49000,177243721,817.333333333,24,48,130272,54039,13,2,184.8,209,558,150000000,2009,3000,5.9,2.35,2000
3,350,119,151,2000,13,20000,179883016,672.333333333,19,26,361924,40054,1,0,184.8,641,1208,150000000,2009,16000,6.7,2.35,0
1,406,102,69,490,2,1000,400736600,548.8,8,8,421658,2582,1,0,246.4,904,558,150000000,2013,523,7.6,2.24,58000
5,275,138,0,30,1,234,281492479,480.0,1,21,421818,534,1,0,50.4,2789,1571,150000000,2003,198,7.2,2.35,0
2,486,112,230,12000,18,26000,206360018,487.0,14,22,414070,59803,22,3,173.6,532,1208,170000000,2013,20000,7.1,2.35,63000
12,298,146,2000,294,4,15000,133375846,710.5,27,17,207839,16948,4,2,728.0,435,1208,150000000,2009,745,6.7,2.35,0
4,516,115,0,12000,18,26000,181015141,487.0,14,6,536314,60059,22,1,408.8,738,1208,150000000,2011,20000,7.0,2.35,63000
1,225,96,59,699,8,17000,114053579,999.75,16,6,146766,20007,1,0,840.0,178,558,150000000,2008,759,6.9,1.85,0
1,145,88,12,182,2,730,119420252,622.8,6,9,33042,2217,1,0,72.8,90,558,150000000,2009,607,5.1,2.35,0
6,310,99,473,502,6,14000,83640426,487.0,20,21,152826,16184,3,0,39.2,253,1208,150000000,2012,897,5.8,1.85,19000
16,526,113,13000,16000,16,40000,79711678,818.0,36,14,199039,80849,11,7,145.6,479,1208,100000000,2012,17000,6.2,1.85,82000
4,357,119,394,162,1,12000,61937495,956.75,22,13,89442,13071,1,0,610.4,432,1571,150000000,2010,490,5.8,1.85,0
2,248,110,282,103,5,11000,124051759,1345.5,8,22,42372,21175,2,2,285.6,239,1208,180000000,2016,10000,6.6,2.35,29000
1,194,91,58,826,5,2000,126597121,715.666666667,15,11,105902,6576,13,0,89.6,206,558,150000000,2007,852,6.2,1.85,0
1,284,90,90,15,17,11000,165230261,715.666666667,23,17,182718,21015,1,0,123.2,209,558,150000000,2011,10000,7.3,2.35,20000
9,280,103,0,346,1,1000,131564731,461.5,1,20,118951,2857,4,0,224.0,1382,558,150000000,2010,756,4.2,2.35,18000
4,310,124,14000,979,26,22000,133382309,1050.0,20,25,256695,34817,10,0,358.4,871,1208,150000000,2006,10000,6.9,2.35,0
7,339,131,776,256,4,17000,73103784,1451.0,20,18,164238,18204,4,2,257.6,434,1208,150000000,2013,551,6.4,2.35,33000
2,132,88,25,433,6,921,21379315,656.75,1,17,17590,2652,6,0,672.0,112,558,150000000,2011,562,5.4,2.35,0
4,256,111,456,394,4,20000,34964818,461.5,19,5,39956,21393,4,4,179.2,186,558,150000000,2015,548,5.8,2.35,24000
4,196,92,50,517,1,3000,111505642,656.75,9,23,47900,5810,2,2,520.8,130,558,145000000,2014,1000,6.9,1.85,11000
5,211,93,35,436,6,851,216366733,715.666666667,17,36,119213,2444,10,0,162.4,154,558,145000000,2012,770,6.9,1.85,17000
5,464,116,176,322,2,783,118099659,832.0,9,14,69757,2097,3,4,285.6,1211,1208,144000000,2016,370,5.5,2.35,62000
13,167,153,0,537,34,13000,201573391,765.0,36,12,322395,26029,8,0,207.2,1171,1208,140000000,1998,12000,6.6,2.35,11000
7,208,88,188,826,17,10000,190418803,660.6,19,17,270207,14823,13,2,442.4,606,1208,140000000,2002,3000,6.1,1.85,2000
13,287,115,0,964,22,18000,82161969,334.5,12,9,142440,31523,1,1,386.4,505,1208,150000000,2007,12000,6.3,2.35,3000
1,210,95,5,967,23,24000,143523463,715.666666667,31,17,64322,36095,8,0,201.6,145,558,145000000,2016,11000,7.2,2.35,24000
5,432,133,663,690,9,10000,209364921,1050.0,26,38,365104,21768,1,3,291.2,512,1208,145000000,2011,10000,7.4,2.35,35000
1,256,97,52,161,1,20000,103400692,368.333333333,19,23,123553,20645,2,0,700.0,174,558,145000000,2012,315,7.3,1.85,25000
4,135,90,23,233,3,957,110332737,1100.5,10,24,110788,1997,2,1,268.8,258,1208,100000000,2005,550,6.1,2.35,2000
7,190,154,380,445,10,10000,111110575,691.666666667,26,18,317166,11945,3,1,319.2,928,1571,140000000,2003,956,7.7,2.35,0
4,518,127,14000,981,8,26000,257704099,480.0,14,11,504419,39284,14,0,330.4,1559,1208,150000000,2009,12000,8.0,2.35,19000
11,291,121,0,4000,26,24000,403706375,663.0,31,12,544665,40484,20,0,274.4,2012,1208,139000000,2002,11000,7.3,1.85,5000
3,292,102,255,953,13,18000,176997107,658.5,19,28,221128,23378,7,5,280.0,343,558,145000000,2014,3000,7.9,2.35,46000
4,184,126,295,284,2,18000,31141074,487.0,19,15,51892,19769,1,4,50.4,273,1208,140000000,2016,934,5.5,2.35,24000
11,145,121,357,653,10,820,31704416,765.0,12,9,45455,2705,6,0,403.2,388,1208,135000000,2005,780,5.0,2.35,0
8,451,215,0,413,7,986,107503316,901.0,2,10,392474,2530,2,1,246.4,1229,1571,130000000,2009,745,7.7,2.35,18000
8,141,127,503,91,8,5000,129734803,861.0,8,17,127497,6171,1,2,252.0,287,1571,140000000,1998,808,6.6,2.35,0
7,267,138,0,258,1,820,132122995,480.0,2,6,212106,1814,4,0,285.6,1445,1208,137000000,2003,300,5.7,1.85,0
5,351,122,209,934,21,17000,122512052,765.0,20,23,146352,31958,2,6,431.2,288,1208,130000000,2013,12000,5.8,2.35,42000
1,166,106,6,422,3,12000,32131830,497.0,34,35,72259,15015,4,1,571.2,788,1208,137000000,2001,2000,6.4,1.85,0
4,510,124,394,2000,6,11000,176636816,480.0,9,36,508818,19761,5,0,235.2,679,1208,140000000,2011,3000,6.9,2.35,46000
4,244,138,608,168,1,613,93926386,691.666666667,3,49,168207,1205,1,1,117.6,684,1208,150000000,2003,172,7.4,2.35,0
6,322,115,386,12000,18,21000,292298923,1059.33333333,6,43,185394,59177,9,3,1108.8,329,1208,120000000,2012,17000,5.5,2.35,65000
4,354,135,255,882,5,3000,134518390,480.0,9,21,326286,5811,13,0,91.0,643,1208,150000000,2008,1000,6.8,2.35,0
3,556,156,0,733,6,29000,183635922,991.666666667,18,14,406020,57108,5,0,420.0,1188,1571,135000000,2015,27000,8.1,2.35,190000
1,166,96,13,463,7,16000,83024900,574.5,13,7,62424,17416,2,0,112.0,90,558,135000000,2013,881,6.5,2.35,13000
7,362,107,563,939,10,40000,123207194,555.0,36,7,183208,43291,19,0,280.0,337,558,135000000,2011,1000,7.2,2.35,26000
5,153,92,35,179,1,19000,83348920,715.666666667,6,24,60230,19963,3,0,224.0,118,558,132000000,2014,411,6.7,1.85,11000
4,329,115,521,883,6,13000,227137090,710.5,36,22,491077,17369,5,0,483.0,820,1208,110000000,2007,897,8.1,2.35,0
1,266,92,54,562,8,11000,215395021,715.666666667,23,15,307029,12754,6,0,112.0,360,558,130000000,2008,967,7.6,2.35,6000
4,517,117,235,680,5,2000,180191634,1004.5,24,9,313866,5730,3,6,179.2,549,1208,130000000,2015,2000,7.4,1.85,61000
5,502,146,508,523,14,34000,424645577,765.0,14,33,498397,49355,4,1,330.4,706,1208,130000000,2013,14000,7.6,2.35,82000
6,322,115,386,12000,18,21000,292298923,1059.33333333,6,43,185394,59177,9,3,1108.8,329,1208,120000000,2012,17000,5.5,2.35,65000
4,165,94,12,183,4,17000,177343675,622.8,4,6,70121,17883,3,0,168.0,214,558,135000000,2015,523,6.7,1.85,26000
24,401,116,14000,807,5,10000,234277056,765.0,26,19,334345,12758,4,0,756.0,2741,1208,132000000,2005,1000,6.5,1.85,0
13,94,147,0,877,3,10000,138396624,1083.66666667,19,13,178126,12954,5,1,750.4,511,1571,130000000,2003,898,6.6,2.35,0
2,246,90,50,397,2,4000,149234747,658.5,17,15,114287,5046,7,0,862.4,137,558,130000000,2011,442,6.7,2.35,16000
5,330,101,176,282,5,11000,118311368,697.666666667,23,6,245621,12406,1,1,380.8,514,1208,110000000,2010,702,6.4,2.35,23000
6,434,138,0,8000,2,12000,101160529,1852.0,22,6,200022,32355,10,2,128.8,1240,1208,125000000,2014,9000,5.8,1.85,71000
24,440,107,14000,845,3,2000,77564037,403.5,7,20,177383,4631,9,1,268.8,447,558,135000000,2011,871,7.4,2.35,44000
9,349,100,0,894,6,10000,60522097,480.0,19,13,158720,14168,8,0,347.2,744,1208,130000000,2013,943,4.9,2.35,37000
1,145,82,0,388,4,1000,137748063,556.0,14,10,38438,2945,2,1,72.8,241,558,127500000,2000,558,6.5,1.85,0
12,154,98,189,1000,5,49000,113733726,817.333333333,24,41,67223,53587,13,7,89.6,126,558,127000000,2014,3000,6.2,1.85,11000
1,233,95,96,8000,28,24000,148337537,656.75,31,10,172754,46120,29,3,767.2,187,558,130000000,2010,11000,7.3,2.35,13000
6,208,96,124,1000,21,16000,33592415,1008.0,13,10,91640,31549,4,2,767.2,210,1208,130000000,2013,12000,5.6,2.35,20000
7,271,143,563,1000,8,40000,305388685,487.0,36,56,809474,48184,5,3,201.6,2113,1208,140000000,2003,5000,8.1,2.35,10000
5,403,123,508,14000,20,34000,337103873,765.0,14,39,305008,81385,14,1,117.6,591,1208,125000000,2014,22000,6.7,2.35,52000
12,294,174,2000,362,1,15000,217536138,710.5,27,19,314253,16008,4,2,252.0,1966,1208,125000000,2006,574,6.6,2.35,0
4,159,101,107,56,1,688,131536019,564.25,2,7,58498,1031,1,0,224.0,99,85,103000000,2014,237,6.4,2.35,0
5,342,132,681,12000,16,23000,209805005,861.0,17,11,284792,55345,21,3,957.6,366,1208,125000000,2011,14000,7.3,2.35,54000
3,382,129,0,154,10,21000,186830669,697.666666667,27,36,338635,22403,1,2,341.6,412,1208,125000000,2011,979,7.5,2.35,39000
4,344,106,255,850,10,14000,163192114,487.0,20,21,229679,18003,4,0,151.2,637,1208,125000000,2010,1000,5.8,2.35,15000
4,196,113,719,217,2,605,119412921,480.0,6,14,240241,1441,4,0,156.8,391,1571,65000000,1990,308,7.5,1.85,0
9,85,102,323,241,1,845,32694788,109.0,9,18,101411,1815,3,1,347.2,546,1571,85000000,1999,372,6.6,2.35,0
3,436,135,209,602,15,10000,113165635,1050.0,9,19,229823,12175,6,0,420.0,504,1208,125000000,2012,826,6.7,2.35,31000
12,175,110,2000,636,4,1000,260031035,817.333333333,7,32,141414,4146,6,0,364.0,482,558,123000000,2000,722,6.0,1.85,0
7,239,124,776,812,21,15000,186739919,765.0,19,24,333248,20553,7,0,84.0,1159,1208,125000000,2004,2000,6.4,2.35,19000
5,237,123,610,653,4,10000,215397307,1050.0,26,24,242188,11930,6,0,470.4,1426,1208,125000000,2000,794,6.1,2.35,0
5,231,130,249,461,6,784,182618434,1451.0,5,19,133076,2684,9,0,683.2,779,1208,140000000,2000,638,6.4,2.35,0
6,262,92,167,702,5,11000,131920333,765.0,9,40,213275,15302,5,3,123.2,436,558,130000000,2007,2000,5.6,2.35,0
7,552,127,0,341,2,774,124976634,1169.5,2,12,440084,2121,2,0,246.4,755,558,120000000,2012,358,8.0,1.85,122000
2,276,123,160,402,2,12000,115802596,768.5,30,13,182661,14017,3,1,235.2,681,1208,110000000,2007,701,5.2,2.35,0
6,102,107,368,1000,14,2000,100685880,1100.5,14,33,100821,4046,6,0,1136.8,554,1208,120000000,2003,1000,4.8,2.35,0
14,775,124,0,641,22,13000,126464904,425.5,7,12,456260,24098,1,0,151.2,2326,1571,130000000,2012,9000,7.0,2.35,97000
4,71,77,50,537,5,886,64736114,658.5,9,17,36471,2682,4,0,140.0,69,558,120000000,2002,799,5.4,1.85,459
2,476,109,662,1000,3,13000,93050117,1127.33333333,36,9,338087,17689,5,0,39.2,814,1571,115000000,2013,2000,6.6,2.35,61000
4,207,134,123,567,4,14000,57637485,765.0,16,27,183909,17159,1,0,526.4,666,1208,105000000,2004,850,6.7,2.35,0
2,492,117,294,1000,5,10000,58607007,734.0,17,9,182899,14161,8,0,716.8,630,1208,100000000,2014,2000,6.2,2.35,60000
5,284,135,0,87,1,690,43929341,293.5,8,13,57873,902,1,0,56.0,414,558,120000000,2008,107,6.1,2.35,0
3,168,121,274,157,1,273,30212620,1406.66666667,1,17,35066,993,1,4,879.2,196,1208,120000000,2010,216,5.3,1.85,0
8,283,117,446,877,7,10000,76418654,1184.0,26,16,148280,12731,5,0,644.0,348,1208,117000000,2010,973,6.3,2.35,11000
4,539,124,364,1000,26,11000,89021735,425.5,39,10,387436,22004,3,0,106.4,892,1208,120000000,2013,10000,7.0,2.35,71000
5,359,140,0,4000,11,20000,380262555,483.5,18,46,520104,44042,9,4,50.4,3286,1208,113000000,2005,16000,7.6,2.35,10000
5,284,142,0,4000,11,20000,310675583,483.5,18,46,464310,42990,9,3,145.6,3516,558,115000000,2002,16000,6.7,1.78,0
8,440,138,446,929,1,20000,132550960,765.0,19,15,328067,23755,1,1,33.6,533,1208,120000000,2013,992,6.7,2.35,68000
5,320,136,0,1000,20,20000,474544677,483.5,18,43,534658,37723,3,1,481.6,3597,558,115000000,1999,14000,6.5,2.35,13000
2,257,98,16,12000,14,16000,187165546,658.5,13,12,150618,43286,30,3,207.2,195,558,135000000,2013,15000,7.3,2.35,28000
5,152,153,610,617,2,12000,40911830,983.0,30,13,55994,15046,9,0,39.2,454,1571,115000000,2002,836,6.0,2.35,0
1,231,120,19,9000,3,26000,47952020,1169.5,14,28,37750,46719,22,2,308.0,134,1208,115000000,2016,11000,6.1,2.35,16000
6,348,101,473,429,5,833,190871240,1004.5,5,30,167085,2690,2,0,168.0,491,1208,125000000,2014,809,5.9,2.35,62000
4,93,108,79,268,2,650,67155742,1050.0,1,14,62271,1569,3,1,324.8,277,1208,116000000,1997,293,5.8,2.35,0
3,369,100,128,78,7,596,56114221,480.0,10,16,110486,1261,2,3,453.6,695,1208,120000000,2015,360,4.3,2.35,41000
12,179,108,189,1000,5,49000,250863268,817.333333333,24,21,234480,55486,13,2,100.8,444,558,110000000,2006,3000,6.4,1.85,3000
3,358,114,62,884,5,12000,155181732,1451.0,21,13,147497,16718,3,0,100.8,499,1208,110000000,2015,2000,6.1,2.35,52000
7,192,142,776,1000,6,13000,113330342,691.666666667,10,13,207613,19454,18,1,140.0,1144,1571,110000000,2000,2000,7.1,2.35,4000
15,198,125,0,350,25,11000,125531634,861.0,28,16,284852,19359,2,0,464.8,627,1208,110000000,2004,8000,6.4,2.35,0
7,233,126,218,322,23,11000,186336103,1022.5,28,18,348861,22722,1,2,588.0,798,1208,120000000,2005,11000,6.5,2.35,0
6,263,119,124,1000,4,14000,129995817,765.0,15,11,154621,22622,13,0,49.0,258,1208,110000000,2015,5000,6.3,2.35,27000
20,267,170,17000,827,13,29000,102608827,1015.5,18,13,264318,34582,9,0,212.8,799,1208,110000000,2004,3000,7.5,2.35,0
4,184,85,11,116,1,480,42776259,817.333333333,2,20,53160,1173,1,1,207.2,121,558,112000000,2010,392,4.9,2.35,0
3,447,119,1000,741,18,11000,98780042,932.75,8,18,136019,13391,1,0,492.8,443,1208,120000000,2011,1000,5.8,2.35,14000
1,366,102,263,1000,2,6000,106369117,817.666666667,3,24,225273,10583,5,0,268.8,523,1571,110000000,2014,1000,6.2,2.35,71000
6,172,103,67,111,1,383,142614158,658.5,1,12,66593,692,1,3,705.6,153,558,110000000,2011,113,5.5,1.78,31000
2,104,76,6,421,1,12000,50026353,478.6,34,19,13581,13607,2,0,123.2,88,558,110000000,2004,513,5.4,1.78,304
6,181,120,124,943,4,6000,66002193,633.666666667,16,11,44296,12452,6,3,145.6,144,1208,110000000,2016,5000,5.8,2.35,12000
12,327,127,189,544,1,20000,85463309,827.666666667,19,12,254841,22254,1,1,246.4,426,1208,110000000,2011,929,7.1,2.35,36000
6,125,105,67,40,4,681,71017784,658.5,1,14,27257,914,1,3,369.6,59,558,105000000,2013,71,5.4,1.85,0
5,79,121,101,202,3,673,48068396,853.666666667,5,25,60573,2027,1,0,128.8,248,1208,160000000,1997,368,3.7,2.35,894
3,326,114,151,430,5,11000,61656849,480.0,28,14,184561,12908,1,4,700.0,554,1208,110000000,2013,635,6.7,2.35,123000
2,354,129,235,297,2,13000,134520804,1050.0,36,23,336235,13961,1,1,1080.8,782,1208,110000000,2007,300,7.2,2.35,0
8,188,120,153,447,13,1000,24004159,1529.0,8,29,68720,3175,3,0,408.8,191,558,110000000,2004,1000,5.8,2.35,0
6,174,165,0,780,17,10000,58183966,727.333333333,19,5,79186,14196,10,1,72.8,386,1571,107000000,2001,851,6.8,2.35,0
1,109,82,34,434,11,760,100446895,817.333333333,6,20,36033,2762,3,1,173.6,456,558,109000000,2003,743,3.8,1.85,946
14,239,194,0,195,8,14000,47396698,691.666666667,20,19,217373,19600,1,1,95.2,942,1571,130000000,2005,5000,7.2,2.35,0
3,228,97,63,525,5,852,104374107,410.8,5,27,89351,2480,3,0,229.6,214,85,105000000,2009,578,7.1,1.85,5000
14,568,151,0,372,3,13000,228430993,1166.0,36,13,472488,14831,1,1,112.0,1023,1208,108000000,2015,801,8.1,2.35,153000
13,257,136,0,3000,34,19000,35799026,789.666666667,19,12,263329,34839,13,1,532.0,899,1208,126000000,2005,12000,6.9,2.35,0
3,175,127,57,3000,23,12000,101643008,861.0,30,23,218341,29069,24,1,263.2,498,1208,90000000,2000,11000,6.5,2.35,0
14,265,171,0,695,6,3000,187670866,1345.5,13,11,982637,6521,1,0,240.8,2368,1571,103000000,2000,933,8.5,2.35,21000
24,252,145,14000,533,8,10000,132014112,633.666666667,26,17,399651,12546,2,0,1013.6,1331,1208,102000000,2002,798,7.7,2.35,0
16,230,119,13000,567,5,1000,180011740,765.0,8,20,177725,2776,4,0,252.0,1368,1208,100000000,2001,658,5.7,2.35,0
6,210,153,0,539,3,780,204843350,480.0,10,28,744891,2829,4,0,324.8,983,1571,102000000,1991,604,8.5,2.35,13000
6,357,140,0,1000,20,40000,97030725,730.2,36,16,230931,64599,3,1,543.2,585,1571,100000000,2009,23000,7.0,2.35,0
14,300,176,0,561,6,18000,130127620,901.0,30,19,324671,20354,6,0,649.6,458,1571,100000000,2007,782,7.8,1.85,0
6,94,141,0,618,6,2000,146282411,1289.5,15,11,190439,4528,7,0,252.0,351,1571,115000000,1994,1000,7.2,2.35,0
10,267,106,12000,385,5,18000,65452312,861.0,30,28,149998,19906,3,1,369.6,285,1571,100000000,2009,464,6.4,2.35,0
6,180,98,80,708,8,22000,148383780,1184.0,46,16,85531,24082,8,10,408.8,152,1208,100000000,2010,713,5.5,1.85,0
6,265,116,285,107,29,12000,119219978,1100.5,21,16,189806,20233,1,2,1321.6,316,1208,100000000,2010,8000,6.7,2.35,16000
6,81,115,55,383,7,1000,101228120,1091.0,8,8,84424,3454,3,1,84.0,131,1571,100000000,1996,773,6.1,2.35,0
8,765,165,16000,265,8,29000,162804648,962.5,18,18,955174,40978,2,1,84.0,1193,1571,100000000,2012,11000,8.5,2.35,199000
2,80,91,21,542,4,2000,100117603,683.8,14,29,102933,4842,2,0,39.2,230,85,100000000,1996,700,6.9,1.78,0
3,141,78,10,253,4,558,89296573,658.5,4,26,128285,2039,4,1,134.4,297,85,100000000,2000,452,7.3,1.66,0
8,383,103,165,13000,25,26000,85017401,1050.0,16,19,246803,57881,36,3,492.8,474,1571,92000000,2012,13000,6.7,2.35,108000
7,193,131,226,341,5,12000,173005002,778.666666667,30,19,255447,13679,2,0,72.8,692,558,100000000,2004,625,6.9,2.35,0
1,170,104,14,203,1,3000,75030163,461.5,13,8,108076,4487,1,0,106.4,1690,558,100000000,2006,762,5.1,2.35,0
4,256,111,456,394,4,20000,34964818,461.5,19,5,39956,21393,4,4,179.2,186,558,150000000,2015,548,5.8,2.35,24000
3,203,102,77,120,1,14000,107515297,368.333333333,14,6,85833,14552,2,2,173.6,113,558,100000000,2013,151,6.7,2.35,17000
2,321,103,207,3000,23,40000,67631157,944.5,36,13,176598,55175,10,0,89.6,374,1208,100000000,2010,11000,6.0,2.35,25000
2,174,121,0,595,11,1000,66862068,432.0,7,13,89509,3903,6,0,240.8,524,1571,83000000,1999,1000,5.7,2.35,2000
20,606,240,17000,4000,23,29000,116866727,1058.0,18,25,780588,46057,16,3,240.8,1138,1571,100000000,2013,11000,8.2,2.35,138000
10,144,121,541,680,2,920,184031112,487.0,5,16,190786,2880,9,4,907.2,539,1208,100000000,1995,710,5.4,1.85,0
4,192,129,719,423,2,660,54700065,297.0,9,19,221521,2031,2,0,873.6,1049,1571,105000000,1997,475,7.2,1.85,0
8,188,101,0,577,6,2000,55673333,368.333333333,5,47,65785,4286,3,1,392.0,160,558,80000000,2010,653,7.0,2.35,16000
1,212,87,26,566,3,827,40198710,762.0,9,10,87451,3144,5,0,397.6,660,1208,100000000,2004,825,3.3,2.35,0
3,127,95,63,720,6,23000,38120554,366.0,19,17,71527,26940,7,0,649.6,217,558,140000000,2002,770,7.1,1.5,0
3,167,102,52,526,2,8000,49392095,1004.5,29,18,52029,10552,3,1,173.6,224,1208,100000000,2009,735,5.4,1.85,0
1,320,131,385,11000,25,26000,39292022,1050.0,16,19,127258,52610,28,15,660.8,351,1208,90000000,2014,13000,6.1,2.35,56000
2,163,114,19,848,6,1000,28772222,624.333333333,10,13,33953,3962,13,1,644.0,163,1208,105000000,2015,897,5.3,2.35,37000
2,78,94,6,227,1,490,17010646,817.333333333,6,17,40751,1195,1,0,543.2,239,558,84000000,2005,294,2.2,1.85,881
12,289,122,2000,571,2,26000,24985612,797.5,14,25,71782,28328,1,0,347.2,161,1208,100000000,2015,911,7.0,1.85,27000
3,66,95,31,683,7,3000,4411102,1004.5,17,24,20295,6161,3,1,352.8,164,1208,100000000,2002,695,3.8,1.85,416
2,208,88,20,36,1,144,130174897,715.666666667,1,19,27918,309,2,0,436.8,155,85,99000000,2015,42,7.2,1.85,33000
2,97,110,342,393,4,623,10200000,1091.0,3,22,18697,1722,5,0,644.0,263,558,10000000,1997,508,7.3,1.85,578
4,202,130,208,591,13,12000,202007640,768.5,21,19,248045,15972,1,5,207.2,890,1208,98000000,2001,3000,6.3,2.35,0
20,233,216,17000,1000,20,29000,77679638,1262.0,18,19,314033,47657,8,3,912.8,1166,1571,100000000,2002,14000,7.5,2.35,0
1,154,85,9,970,19,12000,58867694,574.5,21,11,54077,25590,8,0,408.8,112,558,100000000,2007,11000,6.8,1.85,0
8,169,93,0,465,15,11000,59475623,1019.66666667,14,20,49739,13748,1,1,263.2,407,1208,90000000,2004,2000,5.2,1.85,0
14,200,152,0,557,12,2000,108638745,691.666666667,5,17,292022,4270,6,0,168.0,1103,1571,92000000,2001,820,7.7,2.35,10000
7,255,85,116,329,1,8000,86897182,1529.0,29,14,106790,9271,2,0,95.2,177,1571,95000000,2012,331,6.2,1.85,18000
1,221,146,127,722,3,962,95328937,1406.66666667,6,20,59581,4555,6,4,190.4,293,1571,100000000,2010,740,4.3,1.85,0
2,82,89,10,442,5,2000,50802661,746.5,8,23,58300,3372,2,1,91.0,139,558,95000000,2000,919,6.9,1.85,0
2,233,88,20,916,8,22000,161317423,715.666666667,13,28,145321,25354,1,0,128.8,139,558,95000000,2012,1000,6.6,2.35,14000
4,343,105,0,502,3,2000,201148159,903.5,5,12,103737,4671,3,1,100.8,322,558,95000000,2015,520,7.0,2.35,56000
6,308,135,0,310,3,873,43982842,1129.66666667,5,18,125109,2370,4,1,274.4,593,1208,65000000,2009,560,6.7,2.35,16000
3,301,100,475,799,19,1000,380838870,715.666666667,3,14,692482,5641,5,0,106.4,866,85,94000000,2003,939,8.2,1.85,11000
6,328,192,0,416,2,5000,377019252,1169.5,8,47,1215718,6434,4,2,414.4,3189,1208,94000000,2003,857,8.9,2.35,16000
6,294,172,0,857,8,16000,340478898,1169.5,11,39,1100446,23052,2,1,128.8,2417,1208,94000000,2002,5000,8.7,2.35,10000
1,175,102,44,766,13,12000,17176900,487.0,21,13,54501,17098,4,4,263.2,154,1208,95000000,2014,3000,5.5,2.35,16000
8,199,100,165,240,3,11000,131144183,768.5,23,25,157016,12150,1,1,50.4,824,1208,115000000,2001,509,5.7,2.35,0
4,198,92,394,527,3,693,181166115,765.0,6,19,219501,2574,3,0,330.4,1236,1208,93000000,2001,595,5.9,1.85,0
3,529,105,81,779,8,11000,176740650,1127.33333333,26,32,403836,13118,5,0,151.2,646,1208,93000000,2011,1000,7.6,2.35,47000
6,198,107,70,330,1,770,71148699,461.5,6,27,68935,1614,3,0,196.0,125,558,90000000,2008,419,6.6,2.35,0
3,412,101,212,476,11,13000,67344392,1050.0,36,24,165618,15481,3,2,576.8,503,1571,92000000,2013,787,5.3,1.85,66000
5,106,137,102,877,7,2000,22406362,537.0,21,11,16832,5780,5,0,487.2,267,1208,107000000,2004,973,6.0,2.35,701
5,283,115,663,55,10,1000,261437578,309.0,11,17,479166,1901,1,0,705.6,815,558,92000000,2004,723,8.0,2.35,0
14,61,124,212,810,9,1000,11000000,1529.0,2,18,21102,3611,1,3,128.8,169,1208,98000000,1995,903,5.6,2.35,1000
7,175,98,188,602,13,10000,250147615,704.0,19,14,403014,12998,3,0,554.4,289,1208,90000000,1997,826,7.3,1.85,0
5,191,82,487,967,10,15000,245823397,658.5,27,13,385871,21275,8,2,1220.8,515,85,90000000,1999,1000,7.9,1.85,0
10,316,98,12000,1000,17,18000,81557479,1050.0,30,13,149947,25780,10,1,246.4,326,1208,100000000,2010,3000,6.8,2.35,18000
8,127,90,420,141,1,191,226138454,1083.66666667,1,13,160440,664,2,2,274.4,394,1208,90000000,2001,165,6.6,2.35,0
13,185,130,0,568,7,11000,155370362,839.6,28,19,98403,12890,4,0,492.8,683,1208,100000000,2000,627,6.6,2.35,0
3,191,90,97,56,3,622,124870275,656.75,9,35,152601,1227,1,1,151.2,156,558,100000000,2009,526,7.0,2.35,0
4,188,94,107,117,1,835,196573705,715.666666667,5,32,166791,1258,1,0,274.4,132,558,90000000,2009,256,7.0,1.85,0
4,362,114,0,423,5,3000,58229120,1176.75,13,33,236421,5095,3,1,162.4,515,558,90000000,2013,806,7.3,2.35,70000
6,181,94,368,466,10,13000,125305545,1083.66666667,31,18,145350,15419,3,0,280.0,643,1208,92000000,2000,1000,5.5,2.35,0
20,352,151,17000,1000,36,29000,132373442,1191.33333333,18,14,873649,45648,10,0,716.8,2054,1571,90000000,2006,13000,8.5,2.35,29000
1,143,88,7,484,4,2000,120618403,265.8,3,7,171792,4478,1,0,291.2,222,85,90000000,1998,500,7.5,1.66,12000
4,308,121,0,918,13,21000,110416702,1529.0,27,16,307539,23484,5,3,252.0,577,1571,92000000,2008,1000,7.0,2.35,0
10,517,158,21000,585,5,18000,102515793,986.25,12,33,330152,20388,2,1,229.6,632,1571,90000000,2011,1000,7.8,2.35,54000
9,148,128,323,489,2,13000,100012500,1050.0,36,27,299258,14274,3,1,1467.2,346,1571,90000000,1995,559,7.6,2.35,0
3,415,128,0,727,10,21000,209019489,697.666666667,27,17,477300,23996,1,3,44.8,621,1208,90000000,2009,979,7.6,1.85,20000
2,146,95,21,503,2,12000,84037039,396.25,8,27,72591,15237,4,0,100.8,289,558,120000000,2001,802,6.8,2.35,0
3,70,92,12,1000,3,35000,85884815,561.4,5,40,9418,38450,5,0,190.4,53,558,90000000,2015,1000,5.0,1.85,0
7,269,121,0,919,18,10000,83077470,781.25,26,10,183247,14165,4,0,285.6,440,1208,75000000,2008,1000,7.1,1.85,0
9,198,113,221,503,2,11000,100018837,1529.0,24,31,156348,13446,5,0,84.0,380,1208,90000000,2008,600,5.5,1.85,0
7,253,106,0,1000,24,22000,78747585,730.333333333,13,8,89770,35367,8,0,487.2,342,1208,88000000,2015,11000,5.6,2.35,39000
24,281,146,14000,681,13,3000,78616689,1166.0,9,30,238747,6217,7,0,644.0,2153,1208,100000000,2001,882,7.1,1.85,11000
4,122,88,50,441,4,691,75817994,652.2,3,21,32049,2622,3,0,235.2,179,558,90000000,2003,569,4.9,2.35,988
13,159,150,0,135,9,11000,100853835,938.25,23,9,200556,12289,3,2,263.2,611,558,90000000,1997,1000,7.4,2.35,15000
4,180,119,719,423,4,833,73209340,656.0,4,12,101834,2356,3,0,509.6,628,1571,95000000,2000,624,5.7,1.85,0
3,183,106,87,918,3,8000,68558662,461.5,10,32,86627,10882,5,0,100.8,204,558,90000000,2013,956,5.9,2.35,28000
5,157,117,101,3000,23,18000,65653758,487.0,19,44,102747,33154,13,1,67.2,316,1208,95000000,2003,11000,5.5,2.35,0
5,196,129,209,886,39,11000,64685359,905.5,5,18,40862,23031,8,6,89.6,139,1208,90000000,2016,11000,6.9,2.35,15000
5,64,116,176,84,2,192,61355436,789.666666667,2,11,52136,475,1,0,72.8,184,1208,68000000,1997,117,6.2,2.35,0
10,181,114,0,281,6,3000,60874615,765.0,11,17,60467,4902,1,0,151.2,949,558,90000000,2000,933,5.6,2.35,0
4,240,96,107,350,4,11000,143618384,564.25,22,5,165333,12071,1,0,50.4,186,85,90000000,2011,560,7.0,2.35,19000
7,93,132,0,957,20,49000,58220776,1287.0,24,18,87785,55254,10,0,229.6,362,558,100000000,1999,1000,6.8,1.85,0
2,84,104,81,612,8,3000,47474112,1127.33333333,11,9,58227,5062,6,0,336.0,181,1208,90000000,1997,643,5.4,1.85,2000
2,66,111,79,2000,28,11000,42877165,1191.33333333,28,17,45602,26088,2,0,1226.4,114,1571,86000000,1997,11000,6.1,2.35,979
3,369,100,128,78,7,596,56114221,480.0,10,16,110486,1261,2,3,453.6,695,1208,120000000,2015,360,4.3,2.35,41000
4,166,129,468,183,9,919,37567440,487.0,5,21,113065,2024,2,0,123.2,337,1571,20000000,1982,691,6.9,2.35,0
12,201,144,2000,537,14,680,61644321,727.333333333,1,16,148238,2523,5,0,1080.8,529,1208,88000000,2005,655,8.0,2.35,0
3,175,140,378,599,11,12000,120147445,704.0,21,12,57661,13808,6,0,112.0,455,1208,87000000,2003,947,7.3,2.35,0
5,114,113,101,848,7,22000,241688385,1451.0,20,9,144053,26239,3,0,235.2,395,1208,92000000,1996,946,6.3,2.35,0
11,187,106,357,4000,16,23000,144512310,861.0,17,26,272223,45327,6,2,151.2,988,1208,38000000,2001,14000,6.7,2.35,14000
13,221,143,0,272,2,15000,233630478,1345.5,27,11,394317,15838,2,1,1360.8,1051,1208,90000000,2000,410,7.7,1.85,23000
1,206,108,750,971,19,49000,197992827,631.8,24,12,132501,70996,4,0,952.0,548,558,100000000,2006,20000,6.5,2.35,0
4,239,108,521,129,9,13000,176049130,710.5,36,22,348232,14161,1,1,403.2,806,1208,75000000,2004,805,7.8,2.35,0
5,142,124,249,936,17,11000,172620724,1451.0,28,15,146134,23603,4,1,470.4,393,1571,85000000,1997,10000,6.4,2.35,0
15,186,116,0,471,14,11000,183405771,861.0,28,16,402645,13028,2,4,84.0,845,1208,85000000,2001,1000,7.8,2.35,0
2,256,91,266,11000,24,12000,148313048,658.5,34,20,164148,37142,14,2,336.0,168,558,85000000,2012,11000,7.1,1.85,28000
2,222,107,36,118,1,283,127706877,597.166666667,1,11,142496,662,1,2,1304.8,399,558,85000000,2007,142,7.1,2.35,0
1,298,115,79,820,13,18000,126149655,697.666666667,30,12,166693,36237,12,1,336.0,276,1571,85000000,2012,16000,6.8,2.35,19000
2,84,100,36,439,8,2000,66941559,982.5,5,16,26413,4182,1,1,560.0,77,85,85000000,2000,795,4.8,1.85,372
8,236,104,420,535,4,2000,78009155,1100.5,15,13,110073,3768,4,5,672.0,194,1208,75000000,2011,906,6.2,2.35,0
5,157,138,278,213,10,14000,63224849,1184.0,15,13,182757,17423,1,3,1047.2,483,1208,85000000,2006,3000,6.9,1.85,19000
10,81,140,12000,619,9,10000,111544445,986.25,19,20,188116,11951,1,4,403.2,415,1571,90000000,1998,660,7.3,2.35,0
5,187,120,278,963,5,11000,112703470,1406.66666667,22,18,69860,15226,4,2,453.6,214,1571,85000000,2009,2000,6.6,1.85,0
15,238,122,0,11000,36,14000,117144465,861.0,21,18,256928,43499,28,3,470.4,288,1208,85000000,2007,13000,6.9,2.35,0
2,107,83,28,624,7,4000,84303558,715.666666667,16,13,65270,6081,5,1,190.4,100,558,85000000,2006,650,6.2,1.85,863
5,459,139,168,1000,4,14000,150832203,425.5,15,11,341058,22226,13,2,319.2,713,1208,85000000,2014,5000,6.7,2.35,49000
2,187,131,218,29,1,5000,51396781,691.666666667,6,20,188887,5103,1,1,308.0,662,1571,68000000,2001,35,7.6,2.35,0
6,151,104,532,557,17,12000,47592825,1289.5,21,13,82731,16930,6,1,414.4,255,1208,85000000,2003,3000,6.7,2.35,0
9,80,130,323,330,5,670,50016394,1008.0,7,15,106528,2407,3,1,322.0,257,1208,70000000,1993,442,6.2,2.35,0
5,229,145,252,210,9,879,57010853,1345.5,1,21,119286,2380,1,1,991.2,548,1208,85000000,2005,691,7.3,2.35,0
5,158,104,681,159,1,584,62494975,861.0,2,39,179500,1235,1,5,106.4,378,1208,85000000,2006,227,6.0,2.35,0
4,98,178,102,551,28,12000,44606335,1059.33333333,22,16,169023,23950,4,0,711.2,703,1208,90000000,1998,11000,7.1,1.85,10000
4,135,108,99,172,1,672,40048332,1451.0,5,19,61417,1460,1,1,106.4,339,1571,85000000,2002,174,5.5,1.85,941
4,382,106,763,809,9,8000,64933670,1076.0,25,15,70838,11454,5,1,369.6,208,558,85000000,2012,886,5.6,1.85,18000
1,393,112,1000,719,8,10000,31494270,951.666666667,15,29,273921,12687,1,0,694.4,522,1208,60000000,2010,1000,7.5,1.85,36000
4,149,135,36,106,2,894,31111260,765.0,8,10,77029,1439,1,0,274.4,466,1208,60000000,2003,345,5.4,2.35,0
7,94,109,88,571,2,611,123307945,949.333333333,9,32,39391,2818,4,1,621.6,171,1208,65000000,2000,592,4.3,1.85,374
6,138,86,67,271,7,4000,153288182,950.0,10,12,71424,6355,1,3,347.2,521,558,84000000,2002,2000,4.9,1.85,0
8,173,107,153,233,2,11000,137340146,1176.75,24,7,246492,12700,3,1,61.6,685,1208,70000000,2006,1000,6.4,1.85,7000
3,91,82,62,615,6,975,43575716,817.333333333,6,42,10233,3326,2,0,448.0,63,558,85000000,2010,760,4.3,1.85,0
7,238,88,218,521,9,17000,80170146,765.0,18,8,243053,21863,2,0,308.0,488,1208,85000000,2008,4000,6.1,2.35,0
4,345,120,0,160,1,3000,75754670,468.333333333,5,29,208422,3632,2,0,330.4,342,1208,85000000,2008,169,7.0,1.85,3000
10,377,162,21000,495,19,21000,33048353,810.8,27,8,301279,36928,3,0,397.6,589,1571,65000000,2007,15000,7.7,2.35,12000
2,170,123,55,956,14,3000,34543701,633.666666667,24,13,100001,5839,10,1,946.4,289,1208,82000000,2000,975,5.9,2.35,0
7,191,101,293,1000,20,11000,242589580,1690.5,39,16,296904,21276,5,1,89.6,604,1208,81000000,2003,7000,6.7,1.85,0
2,424,113,13000,5000,25,26000,102981571,1050.0,16,17,270226,46355,8,9,126.0,741,1571,80000000,2010,13000,6.5,2.35,57000
10,154,110,0,898,6,10000,180965237,1050.0,26,21,300542,12760,7,0,319.2,378,1208,80000000,1996,1000,7.1,2.35,0
3,673,142,378,575,14,34000,407999255,1127.33333333,14,18,701607,49942,2,0,128.8,1959,1208,78000000,2012,14000,7.3,2.35,140000
7,383,102,480,461,1,14000,254455986,1529.0,20,22,375879,16143,2,0,593.6,402,1571,80000000,2011,670,6.5,2.35,56000
4,166,83,12,925,20,13000,155019340,715.666666667,36,16,127345,22813,13,1,229.6,250,558,80000000,2006,7000,6.8,1.85,0
3,180,85,255,443,2,1000,145771527,827.666666667,6,15,117212,3112,3,0,728.0,367,558,80000000,2002,533,7.2,1.66,0
3,125,120,75,3000,16,11000,140459099,1055.25,39,13,135601,22750,24,0,313.6,493,1208,75000000,1998,4000,6.1,2.35,0
4,234,116,23,110,22,13000,53215979,1083.66666667,36,7,125036,25220,1,7,588.0,205,1208,84000000,2013,12000,6.7,2.35,22000
7,134,113,88,421,1,11000,158115031,784.0,24,18,130070,13693,1,11,548.8,316,1208,82000000,2005,437,6.4,2.35,0
4,91,87,31,733,5,1000,133103929,561.4,14,38,22838,4073,1,0,50.4,56,85,75000000,2011,1000,4.4,1.85,0
9,139,101,221,11000,24,12000,133668525,1529.0,34,13,107817,39269,14,4,285.6,255,1208,80000000,2013,11000,5.4,1.85,14000
7,265,110,88,11000,21,13000,130313314,1529.0,31,11,168172,44798,22,1,224.0,380,1208,80000000,2008,12000,6.5,1.85,0
5,145,128,278,343,16,18000,124590960,1406.66666667,23,24,91092,22679,2,1,330.4,402,1208,80000000,2003,4000,6.7,1.85,0
20,490,138,17000,163,2,29000,127968405,710.5,18,16,786092,29585,1,0,84.0,964,1571,80000000,2010,223,8.1,2.35,53000
3,163,91,77,208,1,1000,128200012,656.75,8,8,103022,1804,1,1,280.0,269,558,75000000,2005,311,6.3,1.85,0
5,155,138,610,805,7,12000,112225777,734.0,30,10,283967,17087,9,0,448.0,535,1571,80000000,1997,1000,7.3,2.35,11000
6,144,99,163,495,9,11000,109993847,822.75,24,17,72326,12831,1,0,100.8,116,558,80000000,2008,869,6.1,2.35,0
4,226,117,0,818,10,15000,104054514,1191.33333333,27,19,200359,16828,6,0,616.0,1009,1571,80000000,2002,1000,7.7,2.35,0
9,204,117,221,503,5,11000,103028109,1184.0,24,17,172878,16325,5,1,912.8,203,1208,80000000,2011,3000,6.4,1.85,19000
8,139,123,165,744,8,12000,101087161,861.0,34,9,225282,15362,10,6,604.8,339,1571,75000000,1997,878,6.8,2.35,0
5,215,118,154,915,10,3000,101111837,710.5,17,11,150764,5637,2,3,610.4,318,1208,80000000,2008,982,6.6,2.35,0
3,198,154,333,16000,18,22000,95632614,728.5,20,15,118483,61110,5,3,252.0,674,1571,79000000,2003,20000,7.2,2.35,0
4,325,118,117,10000,13,18000,94822707,1451.0,30,17,227072,44797,17,0,274.4,560,1571,80000000,2010,15000,6.9,2.35,20000
4,53,90,10,159,1,49000,92969824,815.0,24,9,63625,50005,1,1,604.8,64,558,80000000,1997,570,5.2,1.85,0
5,167,113,101,913,7,14000,91188905,586.5,20,14,58184,17786,12,0,140.0,805,1208,80000000,1999,960,4.9,2.35,0
1,46,88,30,366,8,13000,90443603,544.166666667,31,11,112167,15001,2,1,711.2,123,558,80000000,1996,967,6.3,1.77,0
12,147,93,189,38,2,1000,82226474,752.0,6,18,65499,1267,1,0,257.6,424,558,65000000,2006,177,5.6,1.85,0
5,276,104,301,71,9,18000,79363785,1127.33333333,23,31,139423,22194,2,0,806.4,698,1208,80000000,2008,4000,5.5,2.35,0
8,80,135,503,67,1,8000,76081498,733.0,25,19,76099,8355,1,1,492.8,162,1571,75000000,1997,137,6.7,2.35,0
7,406,134,452,697,10,11000,85707116,983.0,28,6,303185,20411,2,4,263.2,701,1571,68000000,2014,8000,7.6,2.35,82000
8,97,98,425,397,8,11000,74329966,1184.0,28,23,60910,12729,7,2,431.2,164,1208,70000000,1998,643,5.7,2.35,0
2,143,80,40,375,2,3000,100169068,715.666666667,10,11,16385,4394,1,0,156.8,100,558,80000000,2010,642,4.6,1.85,0
1,106,83,21,495,5,13000,73215310,230.333333333,36,34,44143,14261,1,0,280.0,216,85,80000000,2002,503,7.0,2.35,4000
8,178,102,153,269,9,3000,80360866,934.666666667,17,11,44662,5392,4,1,39.2,127,558,80000000,2011,1000,5.2,2.35,0
5,102,130,81,427,13,10000,69102910,655.333333333,17,15,58402,12186,2,0,470.4,370,1208,80000000,1998,882,5.1,2.35,0
5,209,129,438,502,7,18000,65948711,938.25,30,26,86422,20056,6,1,308.0,363,1571,80000000,2004,1000,6.6,1.85,0
2,152,89,266,859,24,12000,169692572,658.5,34,22,56501,26839,2,0,548.8,97,558,80000000,2015,11000,6.7,1.85,16000
3,129,74,11,62,1,340,60507228,319.5,1,15,27543,814,1,0,134.4,186,85,80000000,1999,243,7.3,1.78,607
2,124,96,25,102,1,891,56684819,480.0,5,18,103787,1919,1,0,459.2,615,1208,80000000,2002,639,5.9,2.35,3000
3,35,114,31,372,3,9000,50628009,657.666666667,22,18,22955,10731,4,0,285.6,88,558,90000000,1998,496,5.6,1.85,0
3,166,99,57,820,11,20000,69772969,861.0,19,11,155532,25942,12,4,173.6,543,1571,80000000,2001,3000,6.5,2.35,0
5,137,129,258,163,4,2000,45356386,73.0,3,21,71574,2864,1,1,464.8,244,558,75000000,2005,277,5.9,2.35,951
1,121,113,25,129,4,49000,55350897,1059.33333333,24,22,83560,49631,1,1,212.8,619,1208,85000000,1998,448,7.0,2.35,32000
4,87,90,65,658,14,11000,39442871,1008.0,24,14,80639,25190,8,0,134.4,237,1208,80000000,2000,11000,5.3,1.85,0
3,233,118,0,871,10,13000,37899638,1022.0,36,20,98472,27114,3,2,369.6,492,1208,88000000,2005,13000,5.9,1.85,0
16,132,106,13000,733,6,20000,37754208,1004.5,18,15,172217,22590,5,3,716.8,405,1208,70000000,1996,770,6.3,2.35,0
3,258,89,84,1000,6,13000,38542418,765.0,36,12,151424,18132,6,5,1187.2,252,1208,80000000,2009,1000,6.3,2.35,0
4,162,145,79,183,1,981,34566746,1003.66666667,14,15,45231,1825,1,1,235.2,315,1208,80000000,2000,274,7.3,1.85,0
11,61,114,357,366,14,13000,32885565,1451.0,25,10,53132,25126,1,0,128.8,101,1208,80000000,1996,10000,5.8,1.85,0
1,113,87,43,210,1,882,36073232,309.0,1,27,8913,1971,1,0,229.6,66,558,80000000,2013,396,5.2,2.35,0
1,174,119,64,41,2,743,21471685,480.0,5,19,65464,971,1,0,431.2,1308,1208,44000000,2000,117,2.4,2.35,0
5,205,118,252,30,1,529,19673424,933.666666667,1,6,37446,619,1,4,78.4,232,1208,80000000,2009,48,5.8,2.35,0
8,123,116,503,982,19,23000,19480739,480.0,17,10,53057,43887,10,0,464.8,457,1208,80000000,2003,18000,5.6,2.35,0
3,79,177,0,582,1,766,17593391,1166.0,4,13,56403,4346,5,1,336.0,376,1571,80000000,1997,674,6.0,2.35,0
2,202,106,42,612,1,14000,27356090,487.0,16,23,58752,16922,1,0,448.0,117,1208,90000000,2015,788,6.0,2.35,21000
1,145,106,14,0,1,2,17473245,765.0,1,12,47612,2,1,1,341.6,348,1208,70000000,2000,0,5.7,2.35,995
12,205,135,2000,535,5,1000,170708996,1015.5,9,18,610568,2827,4,0,140.0,1171,1208,58000000,2001,592,8.2,1.85,29000
2,186,73,28,847,9,2000,422783777,645.0,15,15,644348,6458,1,0,274.4,656,85,45000000,1994,886,8.5,1.66,17000
3,178,94,62,722,21,14000,103812241,733.0,14,34,67296,27842,6,3,375.2,133,558,79000000,2012,12000,5.8,1.85,0
1,169,95,18,18,2,622,119793567,622.8,9,37,64387,848,1,0,560.0,85,558,78000000,2013,161,6.5,2.35,15000
4,140,136,394,1000,14,24000,67286731,73.0,31,9,67856,36925,5,1,184.8,345,1208,100000000,2004,10000,6.7,2.35,0
9,156,91,221,553,24,14000,74158157,1529.0,21,15,60370,27405,5,2,123.2,264,558,79000000,2011,11000,3.4,1.85,0
6,150,107,309,771,11,23000,127083765,861.0,17,18,191912,25296,1,5,72.8,370,1208,76000000,2003,787,5.9,2.35,0
1,232,99,101,327,3,1000,15071514,765.0,6,14,65037,2323,5,2,560.0,273,1208,80000000,2007,422,5.9,1.85,0
1,49,92,5,924,9,22000,26000610,658.5,46,32,16611,28050,5,0,408.8,197,558,76000000,2000,1000,4.1,1.85,413
2,202,110,45,845,3,1000,66462600,483.5,10,39,141533,4714,9,3,263.2,786,1208,78000000,2003,872,5.8,2.35,0
2,306,98,275,1000,4,7000,368049635,656.75,20,17,286877,11905,13,0,112.0,284,558,76000000,2013,2000,7.5,1.85,56000
7,185,154,776,933,6,10000,306124059,480.0,19,18,430055,16785,4,0,638.4,856,1208,75000000,1996,2000,6.9,2.35,16000
24,177,129,14000,227,7,610,229074524,480.0,4,31,278362,1635,2,0,330.4,552,1208,73000000,1997,506,6.5,1.85,0
5,181,86,35,179,10,851,193136719,715.666666667,17,12,266636,1777,3,0,380.8,385,558,75000000,2005,436,6.9,1.85,0
1,372,109,0,18,5,16000,35286428,1127.33333333,5,17,361767,16479,1,0,358.4,1206,1571,76000000,2006,430,7.9,1.85,17000
7,290,104,0,505,3,20000,157299717,480.0,19,7,452928,21397,4,0,414.4,1401,1208,75000000,2000,764,7.4,2.35,0
5,316,110,335,988,39,11000,134568845,736.333333333,23,8,299852,25763,8,0,229.6,713,1571,75000000,2008,11000,6.7,2.35,0
13,122,136,0,904,10,12000,134006721,1050.0,30,10,259492,15999,12,1,582.4,415,1571,75000000,1996,2000,7.4,2.35,51000
4,164,115,107,241,2,835,195329763,658.5,5,23,194249,1815,1,0,134.4,253,558,80000000,2006,590,6.9,1.85,0
7,147,99,88,328,2,11000,120776832,1184.0,24,16,266103,12952,2,2,263.2,456,1208,75000000,2004,427,6.8,2.35,11000
6,219,117,163,260,1,719,118823091,823.166666667,4,11,98693,1673,2,9,1103.2,401,558,75000000,2007,339,6.7,2.35,0
14,167,125,212,394,1,613,41814863,619.666666667,3,25,28635,1970,1,0,235.2,308,1571,50000000,2004,422,5.1,2.0,893
1,70,110,16,692,2,2000,97360069,815.0,15,18,36491,5320,5,0,576.8,231,558,75000000,1999,710,4.1,1.85,509
4,384,125,255,963,8,11000,117698894,697.666666667,39,16,447979,13312,8,6,672.0,629,1208,75000000,2013,988,7.3,2.35,105000
9,179,102,221,4000,24,12000,162001186,1529.0,34,11,181443,28497,17,4,800.8,311,1208,80000000,2010,11000,6.0,1.85,12000
24,151,128,14000,232,6,15000,77032279,1690.5,27,14,303864,16199,2,0,140.0,596,1208,60000000,2004,466,7.3,1.85,16000
3,107,100,87,446,3,3000,73023275,982.5,11,16,16271,5174,2,4,364.0,57,558,35000000,2009,576,5.4,1.85,1000
5,134,124,258,748,15,867,68473360,1451.0,1,16,49536,3424,4,0,856.8,379,1208,75000000,2000,826,5.9,1.85,0
5,269,102,0,15000,27,22000,66636385,917.25,20,22,88451,60646,1,1,627.2,289,1571,75000000,2007,15000,7.1,1.85,0
2,143,90,10,11000,1,22000,160762022,715.666666667,46,12,132415,63165,23,0,162.4,288,558,75000000,2004,17000,6.0,1.85,0
6,241,130,386,525,3,912,103338338,711.666666667,11,12,55901,2856,3,0,408.8,503,1208,70000000,2006,549,6.5,2.35,0
7,161,118,473,680,5,12000,55808744,791.333333333,21,9,59435,15889,9,4,403.2,323,1208,53000000,2005,1000,5.7,2.4,0
8,89,142,845,787,9,13000,43426961,1005.33333333,36,18,93494,16580,11,1,291.2,394,1571,70000000,2003,1000,6.6,2.35,0
5,140,100,126,925,5,19000,47000485,1139.33333333,3,9,72867,25206,13,2,487.2,120,1208,75000000,2010,1000,5.4,2.35,0
3,362,116,0,104,1,15000,45434443,1529.0,5,25,175960,15735,1,2,296.8,360,1208,75000000,2015,509,7.3,2.35,43000
3,124,131,274,138,2,11000,42044321,1406.66666667,24,11,65668,12522,1,2,453.6,342,1208,80000000,2004,964,6.5,1.85,0
2,190,91,27,925,8,12000,73661010,601.0,34,15,71137,17299,13,0,448.0,229,558,75000000,2006,970,6.6,2.35,0
13,132,123,272,193,3,13000,41523271,1223.0,36,9,57038,13934,1,2,375.2,261,1208,80000000,2001,450,6.6,2.35,0
2,53,134,109,249,1,919,37600435,944.5,4,14,55350,1695,2,3,627.2,180,1208,55000000,1995,303,5.9,1.85,0
6,91,148,72,99,1,582,39251128,933.333333333,6,19,31080,804,2,2,257.6,217,1208,75000000,1999,103,6.7,2.35,0
4,284,110,763,222,2,15000,83503161,1059.33333333,5,11,138190,16691,1,1,89.6,405,1571,75000000,2011,1000,6.1,1.85,30000
1,152,113,17,759,36,87000,34636443,986.25,8,9,93790,103354,1,0,834.4,288,1571,52000000,2005,13000,6.6,2.35,0
3,131,94,383,886,9,13000,22751979,366.0,36,12,52244,15857,9,0,1080.8,377,558,75000000,2000,1000,6.6,2.35,0
4,132,116,41,541,14,11000,30013346,1083.66666667,28,20,31293,14028,4,2,1024.8,254,1208,75000000,2003,982,5.3,2.35,648
2,74,93,253,637,5,3000,5409517,732.666666667,13,12,14280,5580,5,0,761.6,171,1208,75000000,2001,889,4.7,1.85,683
3,114,113,212,568,9,2000,21009180,1451.0,21,23,45815,4397,4,4,515.2,222,1208,45000000,2004,845,6.1,2.35,1000
9,294,106,0,963,36,18000,94999143,938.25,12,13,245152,33645,8,0,229.6,1344,1208,75000000,2000,13000,7.2,2.35,0
1,308,91,22,1000,9,7000,336029560,656.75,20,9,142403,13616,13,0,162.4,275,558,74000000,2015,4000,6.4,1.85,70000
8,435,128,0,826,5,4000,36381716,487.0,9,14,197584,7067,15,4,302.4,918,1208,82000000,2011,2000,6.1,2.35,42000
10,117,98,0,697,12,12000,55585389,697.666666667,30,12,64121,15269,16,1,280.0,241,1571,69000000,1998,854,5.9,2.35,880
13,108,134,272,215,2,548,36976367,938.25,6,8,81611,1044,2,3,128.8,274,1208,75000000,1998,270,6.0,2.35,0
1,141,97,6,415,8,22000,107225164,715.666666667,13,23,27130,24350,2,0,72.8,126,558,73000000,2016,1000,6.3,1.85,14000
6,176,112,72,715,10,11000,70224196,1139.33333333,23,13,59352,13827,3,0,106.4,138,1208,70000000,2008,1000,5.6,2.35,0
4,230,153,0,130,6,11000,51814190,1690.5,24,14,100837,11852,2,1,201.6,301,1571,75000000,2009,561,6.4,1.85,0
6,234,110,532,461,7,3000,47456450,1451.0,14,13,101386,5187,2,1,392.0,289,1571,70000000,2007,638,7.1,2.35,0
6,164,122,285,989,9,8000,148213377,840.0,29,45,130776,12410,14,5,784.0,437,1208,73000000,2006,1000,6.6,2.35,0
4,91,87,41,574,7,1000,112950721,817.333333333,3,16,33884,3287,8,0,319.2,79,558,72000000,2001,692,4.6,2.35,266
3,132,178,0,403,2,906,75600000,563.5,1,12,736638,1976,1,1,50.4,1065,1571,72000000,1995,466,8.4,2.35,17000
1,299,87,30,433,2,745,183132370,855.5,8,20,259083,3086,1,0,162.4,763,1208,75000000,2007,440,7.4,2.35,0
4,128,152,0,745,11,940,27796042,1345.5,12,14,45031,4310,6,1,576.8,376,558,72000000,2001,826,6.9,1.85,0
14,109,116,212,462,5,13000,32616869,1001.5,25,8,34435,14780,1,0,67.2,346,1208,72000000,2001,658,4.5,2.35,886
9,261,108,0,882,24,3000,114195633,1028.0,8,13,193770,7273,13,0,212.8,2003,1208,60000000,2004,2000,6.5,1.85,0
4,73,85,84,595,3,1000,144156464,817.333333333,20,17,74343,4166,7,0,565.6,98,1208,71500000,1998,1000,5.3,1.85,694
9,208,106,0,242,4,710,227965690,1127.33333333,7,7,271592,1675,2,0,212.8,2335,1208,72000000,2002,529,6.7,1.85,0
5,205,93,80,48,2,692,436471036,694.6,5,9,314630,1148,1,1,380.8,483,558,150000000,2004,309,7.2,1.85,0
5,256,117,487,769,10,1000,244052771,574.5,10,6,263853,4905,7,0,263.2,584,85,120000000,2006,843,7.2,2.35,0
8,103,116,0,995,6,8000,152149590,1184.0,25,15,74274,12790,9,2,369.6,255,558,70000000,1999,3000,5.5,2.35,0
11,191,132,357,212,1,14000,141204016,1050.0,16,5,142569,14790,1,0,156.8,737,1208,70000000,2002,223,5.8,2.35,10000
1,147,92,5,726,2,870,162495848,658.5,2,42,34359,5217,2,0,403.2,133,558,74000000,2015,861,6.0,1.85,16000
12,79,139,2000,808,13,960,136448821,861.0,7,8,98989,3667,8,1,700.0,158,1571,80000000,1996,848,6.6,1.85,1000
8,486,153,16000,11000,28,13000,120523073,983.0,7,22,885175,36741,8,1,386.4,1527,1571,75000000,2009,11000,8.3,2.35,42000
24,75,142,14000,5000,25,49000,119654900,817.333333333,24,6,182802,64259,6,1,274.4,363,558,70000000,1991,8000,6.7,2.35,13000
14,142,124,212,576,4,13000,117541000,1050.0,36,12,269858,16595,2,0,806.4,316,1571,70000000,1990,982,7.1,2.35,0
2,144,117,69,1000,6,10000,116643346,861.0,9,10,119807,14486,10,1,980.0,340,1208,80000000,2003,1000,6.0,2.35,0
7,153,141,488,509,6,10000,100614858,645.4,26,13,206776,11458,3,1,1512.0,1248,1571,68000000,2001,834,6.9,1.85,0
9,284,110,0,559,4,3000,42272747,940.0,8,19,78635,5609,6,1,173.6,1040,1208,70000000,2006,579,5.6,1.85,0
3,247,109,545,727,3,886,80281096,656.0,8,25,143628,3222,2,0,498.4,1283,1208,60000000,2004,766,5.6,2.35,0
4,107,88,84,1000,1,1000,219613391,561.4,14,41,31649,5227,5,0,520.8,98,558,75000000,2009,1000,4.5,1.85,2000
4,141,124,130,841,7,4000,78120196,691.666666667,9,18,103241,6181,6,0,324.8,742,1571,75000000,2002,973,7.1,2.35,5000
8,358,119,845,992,39,18000,98895417,1050.0,19,20,203154,31782,7,3,268.8,698,1571,70000000,2013,11000,6.5,2.35,45000
3,160,103,906,748,4,1000,70117571,765.0,5,25,56741,6207,1,0,778.4,515,558,58000000,1998,906,6.4,2.35,1000
6,355,116,473,464,2,833,83552429,480.0,5,20,154955,4001,5,0,576.8,800,1208,70000000,2011,697,5.8,2.35,25000
16,235,125,13000,883,6,12000,66257002,1169.5,34,10,350698,16138,5,0,128.8,816,1208,70000000,2003,1000,8.0,1.37,26000
5,59,125,0,184,4,443,65012000,1044.75,4,6,43559,1439,3,1,235.2,137,1571,70000000,1994,277,6.2,1.85,0
24,388,146,14000,979,6,25000,79883359,983.0,2,11,116159,46726,10,1,123.2,488,1208,66000000,2011,19000,7.2,2.35,28000
5,371,118,0,559,36,13000,78031620,983.0,31,19,102248,27674,6,7,207.2,403,1208,70000000,2014,13000,6.1,2.35,34000
6,82,171,0,638,1,2000,54222000,1127.33333333,10,11,131217,4074,6,0,492.8,380,1208,69500000,1989,650,7.6,2.35,0
10,297,136,0,17,5,903,52474616,1852.0,9,33,84118,1579,1,2,61.6,245,1208,70000000,2010,592,6.3,2.35,13000
1,261,92,28,423,3,3000,55942830,722.75,6,16,138582,5178,1,1,257.6,423,1208,70000000,2014,692,6.3,2.35,37000
7,120,116,380,774,36,18000,40932372,1050.0,30,11,58023,32563,4,0,800.8,281,1571,70000000,1998,13000,6.3,2.35,0
2,76,136,218,400,9,11000,37901509,563.5,28,22,96385,12226,4,1,117.6,119,1208,70000000,1997,691,7.0,2.35,0
12,185,111,2000,244,7,17000,48430355,1690.5,20,13,43709,18510,2,2,1321.6,141,1208,70000000,2011,1000,5.3,2.35,0
10,128,116,541,384,4,12000,30157016,1289.5,22,13,39659,12993,2,2,520.8,189,1208,70000000,2002,405,5.6,2.35,792
4,105,97,84,150,1,989,33105600,1289.5,14,7,41663,1576,2,1,240.8,141,1208,70000000,2002,229,5.4,1.37,531
1,242,88,24,324,3,5000,62321039,462.5,4,23,117096,5861,3,1,812.0,271,1571,70000000,2012,327,6.4,2.35,24000
6,360,136,163,66,1,394,38509342,1082.5,1,14,61995,712,1,7,907.2,356,1208,75000000,2012,217,5.9,2.35,33000
3,112,125,40,407,11,13000,19076815,983.0,36,12,43651,15916,3,0,280.0,196,1571,60000000,2002,787,6.3,2.35,997
9,151,98,323,390,6,1000,18990542,315.5,10,12,22264,2763,2,3,246.4,289,1571,70000000,2002,841,3.0,2.35,584
1,92,91,8,298,3,349,14294842,734.0,2,27,16761,1846,3,1,582.4,277,1571,70000000,2002,324,3.6,2.35,391
1,79,97,13,695,8,11000,19819494,1191.33333333,39,11,26893,13628,7,0,1013.6,126,1571,70000000,1998,893,5.8,2.35,815
10,81,95,101,443,2,2000,13596911,661.2,2,15,25572,3734,4,0,252.0,123,558,70000000,2001,509,6.2,2.35,2000
6,261,133,0,301,1,26000,7097125,986.25,14,10,38983,28129,2,1,268.8,207,1571,70000000,2015,326,5.4,2.35,11000
1,197,106,14,582,2,11000,37760080,633.666666667,23,39,72868,12871,6,2,705.6,618,558,70000000,2004,1000,6.1,1.85,0
4,286,115,101,585,5,13000,25121291,643.25,25,13,177653,15708,2,1,655.2,279,1571,50000000,2013,1000,6.7,2.35,34000
14,156,99,212,182,1,576,18821279,487.0,1,24,44891,1520,1,0,207.2,202,1208,70000000,2014,358,4.2,2.35,12000
1,176,124,31,497,14,11000,118471320,1451.0,39,22,86504,12556,9,0,268.8,568,1208,68000000,2002,655,6.4,2.35,0
3,293,124,171,10000,18,21000,300523113,1059.33333333,6,28,184637,52547,15,3,873.6,498,1208,68000000,2010,17000,4.9,2.35,29000
8,141,124,0,580,9,22000,71069884,1191.33333333,46,11,101899,32871,3,0,252.0,445,1571,68000000,2001,10000,6.8,2.35,0
2,304,87,275,975,4,7000,251501645,715.666666667,20,15,385943,11608,6,0,212.8,296,558,69000000,2010,2000,7.7,1.85,31000
1,40,105,29,97,2,584,35324232,1275.75,6,13,32224,1132,1,1,330.4,62,1571,68000000,1995,220,5.6,2.35,617
3,280,125,3000,3000,39,14000,81257500,1529.0,20,7,117739,30010,5,0,834.4,229,1571,68000000,2015,11000,6.4,2.35,30000
1,125,121,18,776,6,1000,29655590,832.0,9,13,53970,3986,4,4,190.4,435,1208,65000000,1999,855,6.0,1.85,0
10,237,111,101,681,2,966,45045037,1184.0,3,11,103230,3393,1,3,565.6,143,1571,36000000,2011,919,5.9,2.35,10000
6,209,157,0,680,13,14000,28965197,1027.0,21,13,133526,18216,9,1,84.0,521,1571,68000000,1999,826,7.9,2.35,0
14,238,128,0,135,1,29000,39380442,1451.0,18,14,174248,29824,2,1,537.6,263,1571,70000000,2008,149,7.1,2.35,0
5,393,105,335,911,6,3000,37516013,462.5,10,33,128629,8281,2,0,240.8,348,1571,69000000,2012,3000,5.9,2.35,98000
4,138,113,36,232,3,537,87704396,853.666666667,8,12,88132,1302,2,1,89.6,274,1208,66000000,1999,427,6.2,2.35,0
3,142,121,38,745,3,940,83892374,938.25,12,13,85720,4230,6,0,890.4,297,1208,66000000,1998,826,7.0,2.35,0
24,219,169,14000,13000,16,15000,216119491,983.0,27,21,881236,44998,36,2,350.0,2277,1571,70000000,1998,14000,8.6,1.85,22000
1,327,132,76,464,6,3000,43568507,1191.33333333,5,16,136954,7081,5,1,72.8,346,1208,66000000,2014,3000,6.5,2.35,32000
5,149,127,278,912,3,2000,182805123,951.666666667,24,17,158864,5838,11,1,95.2,395,1208,70000000,2000,955,6.4,1.37,0
3,193,103,77,835,19,1000,176387405,715.666666667,5,9,328159,5437,5,0,201.6,467,558,59000000,2002,939,7.6,1.85,3000
5,175,136,759,354,6,11000,33685268,955.0,39,14,75573,12194,1,1,1377.6,662,1571,68000000,2003,599,5.5,2.35,4000
24,538,150,14000,655,11,23000,182204440,563.5,19,9,197412,25517,14,0,280.0,720,1208,65000000,2012,826,7.4,2.35,71000
5,313,136,0,99,1,18000,171383253,480.0,23,12,1217752,18563,2,3,123.2,3646,1571,63000000,1999,145,8.7,2.35,25000
12,159,140,2000,552,6,15000,172071312,980.5,27,11,208817,17171,5,0,39.2,296,558,62000000,1995,968,7.6,2.35,5000
4,196,113,719,217,2,605,119412921,480.0,6,14,240241,1441,4,0,156.8,391,1571,65000000,1990,308,7.5,1.85,0
2,80,104,54,775,3,901,139225854,817.333333333,7,20,34561,5265,3,0,436.8,116,85,60000000,2002,857,5.5,1.85,1000
1,488,158,0,11000,3,20000,148775460,933.666666667,19,17,243834,46204,22,1,257.6,845,1208,61000000,2012,13000,7.6,1.85,144000
2,153,119,0,744,1,15000,115731542,1406.66666667,27,17,151812,17768,10,2,492.8,556,558,65000000,1998,793,6.5,1.85,0
6,173,106,285,105,13,8000,100468793,1529.0,29,15,212499,11264,1,2,1304.8,277,1571,65000000,2008,3000,6.9,2.35,0
5,156,136,258,94,1,12000,93771072,872.75,22,19,135404,12396,3,0,576.8,318,1208,65000000,1998,174,6.7,2.35,0
7,307,95,480,490,6,21000,100448498,1690.5,27,10,272789,23018,6,3,273.0,285,1571,65000000,2010,561,6.6,2.35,25000
4,322,137,11000,465,3,769,115603980,574.0,3,10,103589,2938,3,0,212.8,351,1208,65000000,2014,698,7.2,2.35,35000
20,169,130,16000,416,3,16000,90454043,1050.0,14,15,60165,17771,3,1,112.0,326,1208,65000000,2000,495,6.4,2.35,0
14,74,124,212,369,3,13000,84049211,1050.0,25,13,96096,15229,1,1,414.4,172,1571,70000000,1993,730,6.4,2.35,0
5,72,108,610,461,3,848,70450000,861.0,13,14,77390,2913,9,2,308.0,189,1571,50000000,1996,517,6.0,2.35,0
7,86,104,226,577,4,13000,69688384,817.333333333,36,9,34473,16452,5,1,112.0,139,558,60000000,2000,718,6.1,1.85,0
10,242,129,0,625,13,12000,70236496,1003.66666667,30,20,67395,14421,5,0,896.0,564,1208,63000000,2006,1000,6.0,1.85,0
5,141,117,179,403,20,8000,63695760,1852.0,25,17,61490,12850,4,1,744.8,264,1208,65000000,2003,4000,6.4,1.85,0
5,313,99,119,174,4,600,59617068,1184.0,2,14,213863,1375,1,0,347.2,310,1571,65000000,2012,346,6.4,2.35,59000
3,176,118,87,929,7,2000,85911262,981.75,3,7,24735,4796,3,6,56.0,213,558,65000000,2014,1000,5.2,2.39,16000
2,279,105,43,523,5,10000,53846915,1223.0,19,7,149337,11943,2,0,145.6,221,1571,50100000,2015,806,6.6,1.85,23000
6,241,103,368,520,4,27000,54758461,1184.0,6,16,147641,29808,2,3,700.0,238,1208,65000000,2012,1000,6.3,2.35,18000
3,185,122,687,957,12,16000,52397389,613.75,13,16,132954,19764,10,0,240.8,514,1571,65000000,2004,1000,5.9,2.35,0
3,230,111,545,805,3,26000,36064910,765.0,16,12,166610,28643,9,4,1069.6,211,1571,45000000,2008,872,6.4,2.35,0
14,94,121,212,263,1,394,33328051,986.25,1,25,60508,1531,1,2,341.6,285,1571,65000000,1996,380,6.7,2.35,4000
6,134,135,138,184,2,324,32598931,1451.0,2,15,49300,1013,2,1,212.8,265,1571,65000000,2000,192,6.2,2.35,892
5,136,101,4000,539,14,17000,28045540,733.0,18,22,67707,32232,2,0,67.2,202,558,65000000,2005,14000,6.1,1.85,0
10,315,151,21000,637,4,11000,37023395,1852.0,28,12,1347461,13209,1,2,95.2,2968,1571,63000000,1999,783,8.8,2.35,48000
6,96,131,368,383,2,11000,43532294,1001.5,23,17,46951,12088,4,0,324.8,175,558,65000000,2006,529,7.1,2.35,0
3,60,100,36,554,7,13000,17218080,1529.0,36,13,43376,15944,3,0,459.2,249,1571,70000000,1991,773,5.7,1.85,0
3,339,102,436,6000,36,23000,13750556,861.0,19,30,111102,49433,3,3,599.2,239,1571,65000000,2014,13000,6.5,1.85,32000
4,96,133,521,970,6,11000,31054924,1020.66666667,28,15,17025,16710,12,1,1097.6,290,1571,64000000,1999,1000,5.1,1.85,295
7,194,94,116,481,1,645,213079163,1100.5,3,29,162909,2725,6,2,571.2,795,1208,63000000,2002,522,6.2,2.35,0
24,308,127,14000,191,4,967,356784000,765.0,8,15,613473,2129,1,0,212.8,895,1208,63000000,1993,610,8.1,1.85,19000
5,40,212,759,812,13,2000,25052000,694.0,21,12,35314,5708,6,0,246.4,145,1208,63000000,1994,925,6.6,2.35,0
5,42,141,176,672,1,11000,122012710,1191.33333333,28,26,69663,14178,5,1,666.4,133,1208,62000000,1994,913,6.9,2.35,0
4,78,98,322,723,5,979,58255287,1100.5,13,11,39471,6334,7,1,201.6,187,1208,64000000,2006,862,4.3,1.85,0
11,75,114,0,452,3,524,65000000,1406.66666667,1,24,43027,2668,4,0,285.6,214,1208,62000000,1995,517,6.8,2.35,0
1,150,87,12,645,10,3000,32178777,839.666666667,10,15,43300,6658,3,6,33.6,250,1208,62000000,2008,966,3.8,2.35,0
1,113,125,11,867,12,11000,15738632,1083.66666667,14,25,38076,14536,1,2,263.2,399,1571,42000000,2001,904,5.9,2.35,0
8,596,187,16000,1000,10,46000,54116191,803.6,1,19,272839,49912,3,1,789.6,1018,1571,44000000,2015,1000,7.9,2.76,114000
2,191,93,8,970,14,8000,118153533,840.0,29,17,129995,13232,8,2,319.2,246,1208,61000000,2007,1000,6.3,1.85,0
4,156,95,25,439,6,989,108012170,658.5,14,5,24089,2558,1,0,106.4,82,558,63000000,2011,664,5.5,1.85,0
8,460,117,0,447,7,18000,210592590,817.666666667,19,5,607235,32360,2,0,347.2,2073,1571,65000000,2006,13000,7.7,2.35,13000
7,141,106,116,708,8,22000,279167575,1184.0,46,18,211296,24938,8,6,156.8,428,1208,80000000,2004,713,6.3,1.85,0
4,180,115,64,664,8,2000,143151473,1272.33333333,4,13,116681,4811,5,0,464.8,320,558,60000000,2008,899,7.1,2.35,11000
4,186,189,0,693,6,15000,136801374,845.5,27,16,782610,17716,6,0,89.6,1377,1571,60000000,1999,745,8.5,1.85,30000
3,161,81,10,397,12,925,135381507,656.75,13,16,63912,2252,7,0,828.8,251,85,150000000,2005,729,5.8,1.85,912
10,568,149,21000,625,7,835,167735396,986.25,6,11,569841,4348,1,0,179.2,1127,1571,61000000,2014,812,8.1,2.35,146000
7,249,119,218,73,2,13000,121468960,710.5,36,21,407601,13249,1,1,582.4,849,1208,60000000,2002,147,7.9,2.35,0
8,113,116,165,475,5,577,102678089,1091.0,5,24,42705,2321,5,0,884.8,274,1571,95000000,1999,501,6.3,2.35,885
4,213,103,608,576,9,2000,125603360,1287.0,2,17,667983,3698,1,1,56.0,877,558,60000000,1998,617,8.1,1.85,18000
1,120,99,59,145,1,770,101217900,541.0,6,21,91093,1195,1,2,263.2,353,558,70000000,1998,263,7.0,1.85,0
4,81,92,41,522,3,1000,104148781,982.5,11,16,49486,4050,5,1,33.6,116,558,60000000,2003,955,5.5,1.85,886
2,265,109,175,459,4,18000,75573300,1275.75,30,8,156898,20148,5,1,621.6,172,1571,61000000,2013,497,6.7,2.35,22000
2,105,87,6,405,6,3000,93375151,817.333333333,1,13,46031,4171,3,0,688.8,235,558,60000000,2001,664,5.2,1.85,0
7,155,111,473,82,22,26000,106126012,861.0,16,17,285623,35084,1,6,470.4,497,1208,60000000,2003,9000,7.0,2.35,0
3,118,101,30,268,8,1000,93307796,1184.0,7,18,85673,2636,4,2,1618.4,269,1208,60000000,2002,976,6.1,1.85,0
5,131,83,35,754,11,13000,90646554,715.666666667,25,6,124641,25788,5,0,996.8,289,558,105000000,1998,11000,6.6,1.85,0
1,166,113,0,721,6,4000,109176215,1529.0,16,17,83506,8172,4,6,554.4,144,1208,60000000,2009,722,5.5,1.85,0
10,60,107,12000,695,24,10000,82670733,1001.5,26,17,60476,14006,7,0,106.4,97,1208,60000000,1990,3000,5.9,2.35,0
6,77,94,163,2000,2,12000,82569532,982.5,9,24,42737,20348,4,6,352.8,128,558,60000000,2005,3000,5.4,2.35,781
2,249,132,47,240,7,988,81687587,765.0,2,19,138246,2517,1,0,459.2,360,1208,61000000,2015,960,6.4,2.35,24000
2,213,140,708,745,25,11000,80574010,1345.5,26,15,63493,20440,7,1,420.0,302,1208,60000000,2010,8000,5.7,1.85,26000
8,121,125,420,627,11,12000,75764085,1176.75,30,16,85844,16646,7,1,319.2,322,1208,60000000,2000,3000,6.7,2.35,0
6,315,111,124,357,39,13000,90356857,1083.66666667,36,5,238916,24928,1,4,392.0,328,1208,58000000,2010,11000,7.1,2.35,32000
10,171,156,0,1000,21,14000,75530832,1001.5,21,18,97047,20761,10,5,543.2,452,1571,55000000,1999,2000,6.8,2.35,0
5,96,170,0,380,6,19000,75370763,921.333333333,19,21,32353,20683,1,0,117.6,263,1208,60000000,1998,1000,6.5,1.85,0
6,299,120,0,680,17,10000,100003492,1191.33333333,26,12,293662,13581,9,0,100.8,836,1571,65000000,2004,851,7.6,2.35,0
6,167,100,55,416,6,12000,90341670,768.5,21,19,102129,14611,4,4,380.8,432,1208,60000000,2002,1000,5.5,2.35,0
3,125,115,13,579,13,2000,74540762,1451.0,9,11,48753,4496,4,2,224.0,323,1208,55000000,2004,1000,6.5,1.85,0
3,387,130,188,1000,24,10000,80033643,697.666666667,26,14,226570,16385,8,2,145.6,448,1208,60000000,2012,3000,7.0,2.35,38000
14,199,105,212,811,14,1000,73648142,765.0,10,15,99043,3697,4,1,179.2,643,1571,60000000,1999,975,5.8,2.35,0
5,136,111,197,6,1,433,71844424,131.5,2,12,33158,679,1,0,190.4,223,558,60000000,2009,208,7.3,1.78,0
15,436,106,0,175,2,13000,75638743,1451.0,36,11,180479,13634,1,4,134.4,411,1208,60000000,2011,240,6.6,1.85,42000
2,73,89,18,226,3,658,66734992,1100.5,5,15,23476,1233,1,0,330.4,181,558,60000000,2003,257,4.4,2.35,858
2,310,100,253,57,1,309,75280058,368.333333333,2,10,143121,647,1,1,179.2,279,558,60000000,2009,229,7.7,1.85,10000
9,323,91,0,751,7,11000,64505912,765.0,19,15,163130,13654,2,0,509.6,1264,1571,48000000,2008,946,5.0,1.85,6000
10,171,146,12000,451,7,18000,77862546,1191.33333333,30,13,266310,20454,2,2,313.6,690,1571,70000000,2004,992,7.7,2.35,14000
6,76,98,48,722,7,21000,61112916,817.333333333,27,16,14888,24664,6,0,78.4,83,558,50000000,2006,936,4.4,2.35,747
7,173,101,480,767,9,881,88200225,1100.5,7,17,120795,3943,1,5,756.0,308,1208,60000000,2004,869,6.1,2.35,0
5,81,94,32,626,4,854,60573641,982.5,7,20,68406,4530,2,1,462.0,162,558,60000000,1996,628,5.4,1.85,0
4,242,132,0,160,2,366,59035104,468.333333333,1,9,244566,1112,2,1,543.2,597,1208,66000000,2004,334,6.8,1.85,0
1,110,115,234,521,5,3000,56702901,1852.0,24,13,23302,4713,4,1,408.8,181,1208,60000000,1998,552,6.5,2.35,1000
1,328,92,28,586,2,10000,55994557,658.5,15,12,72287,13597,2,0,414.4,176,558,60000000,2012,884,7.0,2.35,12000
3,83,124,105,460,36,24000,54910560,861.0,31,12,88225,38227,4,0,627.2,227,1571,60000000,1997,13000,6.3,2.35,0
5,196,119,610,716,10,834,53789313,633.666666667,6,10,89816,3637,7,0,392.0,347,1208,60000000,2003,780,6.3,2.35,0
3,34,124,50,672,10,1000,51045801,1345.5,9,21,11370,3653,5,2,50.4,54,1208,60000000,1996,944,6.1,1.85,829
1,81,98,11,107,9,966,50189179,1004.5,10,12,61966,2018,1,2,274.4,207,1208,60000000,2002,680,5.3,1.85,797
1,47,92,14,488,1,789,50024083,1050.0,5,31,35918,2318,3,1,408.8,126,1571,60000000,1995,520,5.4,1.85,1000
4,313,105,0,288,4,539,50549107,1451.0,6,27,99035,1411,1,3,285.6,289,1208,60000000,2014,394,6.2,2.35,17000
8,315,124,737,14000,46,34000,56443482,1186.66666667,14,5,75329,75793,20,3,28.0,256,1208,60000000,2015,22000,6.6,1.85,24000
1,223,116,0,672,7,1000,47748610,459.0,3,21,170179,3090,5,0,789.6,656,1571,75000000,1997,720,6.3,2.35,0
8,198,124,845,295,6,650,46975183,986.25,5,9,256213,1640,1,0,156.8,338,1571,61000000,2007,467,7.2,2.35,0
1,219,96,7,642,2,874,50807639,658.5,1,15,40883,3151,6,3,106.4,122,558,60000000,2014,668,6.8,1.85,11000
2,92,104,165,944,10,1000,46611204,1176.75,5,17,55749,4294,10,1,1764.0,257,1208,48000000,1998,967,6.1,2.35,0
3,111,115,11,642,8,1000,48472213,1100.5,3,41,51252,4305,8,2,946.4,156,1208,45000000,2005,759,5.0,2.35,621
3,138,101,38,11000,19,23000,43060566,672.333333333,20,15,107859,53024,23,0,212.8,569,1208,60000000,2002,18000,6.2,2.35,0
2,415,113,181,300,2,33000,45996718,1191.33333333,16,16,173530,34738,1,3,95.2,264,1571,60000000,2013,301,6.7,2.35,40000
8,170,100,11000,485,20,10000,43337279,1529.0,13,10,76770,12258,6,2,240.8,203,1208,60000000,2009,1000,4.9,1.85,0
20,306,134,16000,204,39,13000,37479778,572.75,36,10,124222,24458,1,1,207.2,259,1208,60000000,2009,11000,7.4,2.35,23000
3,211,125,209,896,18,8000,40559930,1022.5,25,11,41727,10623,7,0,246.4,184,1208,60000000,2009,1000,6.2,2.35,0
8,49,94,80,230,4,1000,36830057,815.0,1,21,10883,2151,3,2,621.6,73,558,65000000,1999,417,4.9,1.85,448
2,161,107,69,206,2,310,36279230,861.0,1,14,42144,1352,3,0,302.4,213,1208,60000000,2006,219,6.1,2.35,690
2,172,116,53,906,5,27000,43119879,765.0,6,20,58450,31224,4,0,134.4,842,1208,60000000,2002,1000,6.4,2.35,0
2,161,100,0,210,2,436,35096190,1013.33333333,10,21,76560,1395,1,1,448.0,322,1208,60000000,2003,399,6.3,1.85,0
8,105,96,11000,236,5,22000,32122249,1100.5,46,14,69319,22889,1,1,470.4,138,1571,60000000,2002,394,5.9,1.85,846
3,198,101,50,1000,21,22000,40076438,986.25,46,16,73368,38809,5,2,840.0,248,1571,60000000,2008,14000,6.0,2.35,0
5,79,111,17,652,6,13000,32940507,1191.33333333,36,16,54314,16536,3,1,705.6,127,1571,60000000,1998,968,6.1,2.35,0
5,125,126,0,9000,19,13000,30695227,830.0,36,28,45296,34774,22,3,117.6,267,1208,60000000,2000,10000,6.7,1.85,0
7,149,152,488,947,19,22000,32522352,1184.66666667,20,15,207287,36897,11,1,190.4,822,1571,60000000,2000,11000,7.9,1.85,15000
3,77,101,93,218,1,287,26082914,861.0,1,25,51349,993,2,2,263.2,213,1208,87000000,2005,233,4.3,2.35,0
2,225,87,124,77,2,865,29136626,613.75,1,8,97089,1417,1,0,700.0,233,1208,60000000,2011,441,5.7,2.35,20000
1,98,85,0,82,1,11000,26288320,887.5,28,34,36144,11301,1,0,229.6,91,558,60000000,2003,102,6.7,1.66,880
4,703,173,0,19000,27,26000,623279547,480.0,14,14,995415,87697,19,3,520.8,1722,1208,220000000,2012,21000,8.1,1.85,123000
7,117,104,293,256,2,780,30063805,919.8,10,11,31788,2109,4,0,722.4,243,1208,60000000,2002,265,6.1,2.35,0
4,110,131,37,507,13,968,18208078,1451.0,12,17,57100,3012,2,3,571.2,281,1571,60000000,2001,848,6.9,2.35,0
4,100,91,394,68,1,889,14218868,656.0,6,11,14596,1262,1,0,285.6,282,1208,65000000,2000,290,4.8,2.35,589
1,189,118,167,778,13,20000,22451,887.25,4,15,41288,22447,6,0,33.6,126,1208,60000000,2014,882,6.2,2.35,17000
2,212,130,91,1000,8,5000,31165421,533.75,3,39,107028,10247,7,3,711.2,457,1208,60000000,2013,2000,6.0,2.35,44000
6,127,90,48,196,1,973,11802056,821.0,7,11,31640,1865,1,1,616.0,109,558,60000000,2008,400,4.9,1.85,791
1,196,103,179,87,3,794,25472967,1113.33333333,4,12,44966,1467,2,2,644.0,411,1208,30000000,2005,329,5.6,2.35,0
12,115,122,2000,1000,9,11000,22362500,1690.5,23,6,35599,15275,7,0,240.8,195,1208,55000000,1999,1000,6.1,1.85,641
3,223,103,436,437,5,19000,19781879,736.333333333,19,12,53864,20881,5,1,56.0,290,1208,60000000,2008,961,4.8,2.35,2000
5,54,127,258,617,8,11000,4426297,935.0,23,16,22570,12947,9,2,285.6,156,1571,35000000,2003,708,6.5,2.35,0
4,81,132,131,242,2,11000,10166502,983.0,26,16,18209,12133,1,0,509.6,183,1571,80000000,2005,298,6.7,2.35,0
1,579,108,84,361,1,16000,363024263,949.333333333,13,10,479047,18239,1,0,235.2,1058,1571,58000000,2016,805,8.1,2.35,117000
8,56,114,65,440,1,743,12065985,1690.5,11,10,16260,2367,2,1,140.0,88,558,60000000,1998,730,4.9,2.35,296
20,490,133,16000,318,3,14000,350123553,660.8,20,17,325264,16277,1,0,263.2,916,1571,58800000,2014,962,7.3,2.35,112000
4,218,103,11,543,5,2000,80021740,722.5,3,12,47968,5497,4,4,179.2,154,558,58000000,2015,1000,6.4,2.35,35000
6,142,95,70,512,6,970,48291624,951.666666667,8,18,82819,2876,5,1,380.8,263,1208,58000000,2005,834,6.7,1.85,0
5,57,90,32,809,5,1000,35231365,821.0,4,36,15517,6299,5,0,845.6,85,558,60000000,2000,891,3.6,1.85,500
1,84,87,10,349,6,13000,53715611,582.0,25,11,92106,14574,1,1,352.8,171,1571,63000000,1988,1000,5.7,2.35,2000
5,186,114,0,110,1,142,31199215,1092.75,1,14,27664,589,1,8,358.4,120,1208,58000000,2008,117,6.0,1.85,472
3,133,103,30,727,3,963,29580087,1406.66666667,8,33,29523,3150,1,2,1131.2,121,1208,58000000,2009,935,4.7,2.35,0
12,246,125,189,839,4,1000,44665963,1529.0,8,16,159931,5081,9,2,33.6,281,1208,58000000,2013,847,6.3,2.35,22000
1,144,125,143,519,6,1000,49875589,691.666666667,8,11,28807,4416,2,0,392.0,273,1208,58000000,2012,664,5.9,2.35,0
6,117,136,138,9000,21,18000,60984028,1091.0,23,22,259519,45271,22,2,588.0,431,1571,57000000,1997,14000,7.5,2.35,11000
4,157,116,51,622,3,11000,36931089,1529.0,24,15,70681,16484,9,2,67.2,198,1571,70000000,2012,3000,5.6,2.35,12000
11,60,103,357,40,2,2000,51317350,487.0,21,13,78343,2710,1,0,308.0,139,1208,57000000,1996,663,6.4,2.35,0
8,117,97,420,455,11,4000,28328132,1351.0,17,18,38298,9814,9,2,901.6,147,1208,58000000,2004,3000,6.3,2.35,782
5,287,96,83,1000,4,12000,51774002,768.5,30,34,87745,16121,4,1,72.8,331,1208,57000000,2011,1000,4.3,2.35,18000
2,117,86,10,348,6,12000,45860039,672.0,21,14,53118,14146,2,1,515.2,221,1208,56000000,2004,795,6.2,2.35,0
13,149,142,0,194,2,15000,329691196,1690.5,27,14,1251222,15700,1,0,879.2,1398,1208,55000000,1994,294,8.8,2.35,59000
4,131,92,25,639,1,1000,217326336,561.4,5,25,57276,2847,2,0,123.2,146,558,60000000,2007,718,5.2,1.85,0
7,150,108,116,708,8,22000,166225040,1529.0,46,18,260442,24286,8,2,509.6,507,1208,55000000,2000,713,7.0,1.85,0
1,92,84,12,752,8,23000,141600000,588.0,20,12,119675,26754,2,1,946.4,216,85,55000000,1995,2000,6.6,1.78,0
8,169,188,503,467,4,10000,134218018,1057.0,9,10,126357,12940,6,0,386.4,497,558,55000000,1978,593,7.3,2.35,0
7,57,95,293,744,7,851,128769345,949.333333333,17,21,86556,3155,10,1,347.2,99,1208,54000000,1996,773,5.6,1.85,960
6,171,118,72,681,14,10000,177575142,1184.0,19,7,244840,13426,7,1,380.8,372,1208,70000000,2005,975,6.6,2.35,0
4,53,92,39,458,3,3000,105263257,934.666666667,13,22,56168,4518,4,0,285.6,103,558,55000000,1997,562,5.4,1.85,5000
3,153,74,58,729,4,3000,104354205,1184.0,10,18,162331,5713,12,3,1086.4,332,1571,55000000,2003,864,6.3,2.35,0
4,491,134,521,186,5,15000,107100855,1027.0,27,18,323353,16281,2,0,224.0,527,1208,55000000,2013,535,7.9,2.35,65000
12,247,101,189,7000,26,15000,98711404,1022.5,13,12,127571,39822,20,2,644.0,207,1208,55000000,2010,11000,6.3,2.35,0
3,26,100,52,394,1,795,100328194,817.333333333,8,8,85903,2638,5,0,240.8,92,558,50000000,1995,419,6.0,1.85,0
8,292,132,845,683,16,18000,101530738,861.0,30,15,229574,37605,2,0,313.6,436,1571,55000000,2014,17000,7.2,2.35,56000
4,114,105,61,708,9,5000,93815117,1406.66666667,6,19,68417,7184,1,2,688.8,242,1208,55000000,2002,827,5.1,2.35,0
10,82,123,12000,665,14,18000,91400000,1005.33333333,30,14,81026,30132,5,0,156.8,194,1571,53000000,1995,10000,7.3,2.35,0
3,201,117,125,168,5,10000,162586036,1015.5,19,26,338383,11036,2,0,128.8,611,1208,55000000,2006,617,8.0,2.35,32000
6,231,98,124,354,2,931,89706988,1091.0,5,12,126746,2287,1,1,268.8,600,1208,55000000,2005,507,6.2,2.35,0
13,55,128,272,383,9,2000,83000000,1451.0,14,12,36587,3888,3,0,380.8,95,1571,55000000,1994,812,6.0,2.35,0
8,140,85,0,490,1,21000,66365290,1529.0,27,11,56874,22458,6,2,33.6,358,1208,55000000,1999,860,6.4,1.37,0
8,304,137,16000,348,2,890,66207920,1191.33333333,12,19,512749,1959,2,0,784.0,935,1571,30000000,2004,387,8.0,2.35,0
1,45,97,96,403,3,13000,63408614,1083.66666667,25,14,75365,14432,1,1,791.0,149,1571,55000000,1989,549,6.3,2.35,0
13,49,104,0,812,22,13000,58422650,818.0,36,19,78974,25599,6,3,386.4,173,1208,55000000,1992,11000,6.4,1.85,8000
3,146,110,9,95,1,485,56932305,801.0,6,15,96690,939,1,2,509.6,293,1208,55000000,2000,110,6.6,2.35,0
2,60,133,53,263,10,1000,68750000,1050.0,20,20,40858,2916,5,0,515.2,144,1571,55000000,1996,780,6.4,2.35,0
6,189,94,70,497,1,1000,68218041,817.333333333,6,23,67191,2820,9,1,123.2,108,558,55000000,2011,549,6.0,1.85,14000
4,206,104,50,947,3,5000,25040293,487.0,8,23,88049,7247,11,0,397.6,279,1208,55000000,2008,962,6.6,2.35,0
2,118,91,39,562,4,1000,55747724,715.666666667,14,12,18042,3104,6,1,84.0,73,558,55000000,2013,591,5.9,1.85,0
10,210,145,21000,243,3,534,55473600,459.0,8,9,207686,1543,1,0,845.6,776,1571,50000000,1992,273,6.4,2.35,0
3,76,135,317,34,1,57,49994804,562.5,1,7,29205,164,1,1,464.8,194,558,55000000,1996,40,6.3,2.35,0
5,62,110,81,163,4,1000,38553833,1113.33333333,18,28,46239,1752,1,0,134.4,155,1571,55000000,1996,416,6.8,2.35,0
3,265,102,82,537,4,622,34350553,1004.5,9,11,104066,2488,5,4,750.4,207,1571,68000000,2012,591,5.7,2.35,15000
7,135,94,607,215,2,933,34238611,1191.33333333,6,12,35830,2248,1,1,509.6,321,1571,55000000,2003,518,6.0,1.85,0
7,100,126,226,241,5,12000,34098563,1451.0,22,10,27191,13406,1,1,851.2,232,1571,55000000,1999,509,6.5,2.35,0
10,123,118,101,327,1,13000,33828318,1529.0,36,14,44453,14036,8,2,268.8,154,1208,55000000,2003,390,5.8,2.35,0
1,164,99,3,490,5,8000,33472850,840.0,29,10,67005,10026,6,3,134.4,119,1571,55000000,2008,509,5.8,2.35,0
20,264,141,16000,539,8,11000,35707327,986.25,23,12,199056,12840,6,0,50.4,387,1571,55000000,2008,963,7.8,2.35,14000
4,47,107,99,581,39,18000,20550712,1127.33333333,23,13,40346,31014,6,1,196.0,95,1208,50000000,1996,11000,5.6,1.85,1000
10,50,116,12000,552,5,22000,18573791,1017.66666667,46,9,38533,24618,6,3,224.0,89,1571,55000000,1996,617,5.8,2.35,0
2,178,93,45,352,4,9000,25857987,480.0,22,11,110614,10185,1,0,520.8,532,1208,62000000,2005,460,5.5,2.35,0
2,84,280,33,67,1,789,12870569,691.666666667,2,19,13215,1671,1,0,117.6,497,1208,56000000,2003,640,6.3,2.35,953
1,44,100,0,745,3,995,11466088,1050.0,9,12,8983,3952,6,0,375.2,84,1571,71000000,1997,879,4.7,2.35,316
1,93,107,11,506,6,939,16088610,1076.0,19,14,10417,3742,7,2,268.8,39,558,55000000,2009,605,5.6,2.35,610
3,277,119,33,518,8,3000,51178893,686.75,9,21,24285,6089,1,4,44.8,110,558,50000000,2014,2000,6.4,1.85,10000
1,197,119,59,676,8,2000,39440655,743.5,4,11,61680,4315,2,1,128.8,222,1208,55000000,2010,828,6.4,2.35,19000
4,224,117,0,845,4,12000,81645152,656.0,6,10,158267,15371,9,1,442.4,559,1571,54000000,2002,919,6.7,1.85,0
3,202,123,125,835,17,10000,69951824,1345.5,19,14,232710,14727,3,1,128.8,599,1208,55000000,2008,3000,7.7,2.35,26000
4,279,92,394,565,1,13000,9483821,1050.0,25,20,39247,25418,3,3,688.8,131,1571,55000000,2012,11000,5.7,1.85,10000
11,110,170,0,889,9,14000,66676062,1262.0,21,25,267980,16949,5,1,280.0,545,1571,54000000,1990,1000,7.6,1.85,0
7,190,123,488,2000,20,5000,26838389,1406.66666667,8,15,58658,12700,24,0,162.4,495,1208,57000000,2005,4000,6.4,1.85,0
3,121,116,44,420,6,593,108200000,659.5,4,13,76331,2908,1,4,408.8,269,558,54000000,1980,467,6.8,2.35,0
4,131,121,102,43,1,117,5660084,1013.33333333,1,7,41620,286,1,0,431.2,418,1571,54000000,2003,62,2.4,2.35,2000
